Player,Nation,Pos,Age,MP,Starts,Min,90s,Gls,Ast,G+A,G-PK,PK,PKatt,CrdY,CrdR,xG,npxG,xAG,npxG+xAG,PrgC,PrgP,PrgR,Gls,Ast,G+A,G-PK,G+A-PK,xG,xAG,xG+xAG,npxG,npxG+xAG,Matches,Team
Alisson,br BRA,GK,33,6,6,540.0,6.0,0.0,0.0,0.0,0.0,0.0,0.0,0.0,0.0,0.0,0.0,0.0,0.0,0.0,4.0,0.0,0.0,0.0,0.0,0.0,0.0,0.0,0.0,0.0,0.0,0.0,Matches,Liverpool
Dominik Szoboszlai,hu HUN,"MF,DF",24,6,6,540.0,6.0,1.0,0.0,1.0,1.0,0.0,0.0,1.0,0.0,0.5,0.5,1.0,1.5,14.0,39.0,26.0,0.17,0.0,0.17,0.17,0.17,0.08,0.17,0.25,0.08,0.25,Matches,Liverpool
Virgil van Dijk,nl NED,DF,34,6,6,540.0,6.0,0.0,0.0,0.0,0.0,0.0,0.0,1.0,0.0,0.2,0.2,0.0,0.2,8.0,36.0,5.0,0.0,0.0,0.0,0.0,0.0,0.03,0.0,0.03,0.03,0.03,Matches,Liverpool
Mohamed Salah,eg EGY,FW,33,6,6,539.0,6.0,2.0,2.0,4.0,1.0,1.0,1.0,0.0,0.0,1.7,0.9,0.7,1.7,19.0,20.0,67.0,0.33,0.33,0.67,0.17,0.5,0.28,0.12,0.41,0.15,0.28,Matches,Liverpool
Ibrahima Konaté,fr FRA,DF,26,6,6,507.0,5.6,0.0,0.0,0.0,0.0,0.0,0.0,2.0,0.0,0.6,0.6,0.3,0.9,7.0,24.0,0.0,0.0,0.0,0.0,0.0,0.0,0.11,0.05,0.16,0.11,0.16,Matches,Liverpool
Milos Kerkez,hu HUN,DF,21,6,6,456.0,5.1,0.0,0.0,0.0,0.0,0.0,0.0,2.0,0.0,0.2,0.2,0.1,0.3,7.0,22.0,21.0,0.0,0.0,0.0,0.0,0.0,0.04,0.02,0.05,0.04,0.05,Matches,Liverpool
Cody Gakpo,nl NED,"FW,MF",26,6,5,464.0,5.2,1.0,2.0,3.0,1.0,0.0,0.0,0.0,0.0,0.7,0.7,1.6,2.3,20.0,18.0,49.0,0.19,0.39,0.58,0.19,0.58,0.14,0.31,0.45,0.14,0.45,Matches,Liverpool
Ryan Gravenberch,nl NED,MF,23,5,5,450.0,5.0,2.0,1.0,3.0,2.0,0.0,0.0,2.0,0.0,0.4,0.4,0.6,1.0,15.0,27.0,12.0,0.4,0.2,0.6,0.4,0.6,0.08,0.11,0.19,0.08,0.19,Matches,Liverpool
Florian Wirtz,de GER,"MF,FW",22,6,5,437.0,4.9,0.0,0.0,0.0,0.0,0.0,0.0,1.0,0.0,1.0,1.0,0.7,1.7,15.0,28.0,33.0,0.0,0.0,0.0,0.0,0.0,0.21,0.14,0.35,0.21,0.35,Matches,Liverpool
Hugo Ekitike,fr FRA,FW,23,5,5,365.0,4.1,3.0,1.0,4.0,3.0,0.0,0.0,0.0,0.0,1.8,1.8,0.3,2.0,6.0,8.0,19.0,0.74,0.25,0.99,0.74,0.99,0.44,0.06,0.5,0.44,0.5,Matches,Liverpool
Alexis Mac Allister,ar ARG,MF,26,5,5,300.0,3.3,0.0,1.0,1.0,0.0,0.0,0.0,0.0,0.0,0.2,0.2,0.8,1.1,10.0,13.0,8.0,0.0,0.3,0.3,0.0,0.3,0.07,0.25,0.32,0.07,0.32,Matches,Liverpool
Conor Bradley,nir NIR,DF,22,4,2,191.0,2.1,0.0,0.0,0.0,0.0,0.0,0.0,2.0,0.0,0.1,0.1,0.0,0.1,11.0,10.0,12.0,0.0,0.0,0.0,0.0,0.0,0.03,0.0,0.03,0.03,0.03,Matches,Liverpool
Curtis Jones,eng ENG,MF,24,5,1,194.0,2.2,0.0,0.0,0.0,0.0,0.0,0.0,0.0,0.0,0.0,0.0,0.4,0.4,3.0,25.0,5.0,0.0,0.0,0.0,0.0,0.0,0.02,0.18,0.2,0.02,0.2,Matches,Liverpool
Alexander Isak,se SWE,FW,26,2,1,107.0,1.2,0.0,0.0,0.0,0.0,0.0,0.0,0.0,0.0,0.4,0.4,0.0,0.4,0.0,2.0,5.0,0.0,0.0,0.0,0.0,0.0,0.36,0.0,0.36,0.36,0.36,Matches,Liverpool
Jeremie Frimpong,nl NED,DF,24,3,1,80.0,0.9,0.0,0.0,0.0,0.0,0.0,0.0,0.0,0.0,0.1,0.1,0.0,0.1,3.0,3.0,7.0,0.0,0.0,0.0,0.0,0.0,0.09,0.0,0.09,0.09,0.09,Matches,Liverpool
Andrew Robertson,sct SCO,DF,31,2,0,84.0,0.9,0.0,0.0,0.0,0.0,0.0,0.0,0.0,0.0,0.1,0.1,0.3,0.4,3.0,9.0,9.0,0.0,0.0,0.0,0.0,0.0,0.11,0.35,0.46,0.11,0.46,Matches,Liverpool
Federico Chiesa,it ITA,"FW,MF",27,5,0,68.0,0.8,2.0,0.0,2.0,2.0,0.0,0.0,1.0,0.0,0.7,0.7,0.0,0.7,2.0,2.0,4.0,2.65,0.0,2.65,2.65,2.65,0.94,0.0,0.94,0.94,0.94,Matches,Liverpool
Wataru Endo,jp JPN,"MF,DF",32,3,0,34.0,0.4,0.0,1.0,1.0,0.0,0.0,0.0,1.0,0.0,0.0,0.0,0.1,0.1,1.0,1.0,0.0,0.0,2.65,2.65,0.0,2.65,0.0,0.29,0.29,0.0,0.29,Matches,Liverpool
Joe Gomez,eng ENG,DF,28,2,0,31.0,0.3,0.0,0.0,0.0,0.0,0.0,0.0,0.0,0.0,0.0,0.0,0.0,0.0,0.0,1.0,0.0,0.0,0.0,0.0,0.0,0.0,0.0,0.0,0.0,0.0,0.0,Matches,Liverpool
Rio Ngumoha,eng ENG,"FW,MF",17,3,0,12.0,0.1,1.0,0.0,1.0,1.0,0.0,0.0,0.0,0.0,0.4,0.4,0.1,0.4,4.0,0.0,7.0,7.5,0.0,7.5,7.5,7.5,2.66,0.53,3.19,2.66,3.19,Matches,Liverpool
Harvey Elliott,eng ENG,"MF,FW",22,1,0,1.0,0.0,0.0,0.0,0.0,0.0,0.0,0.0,0.0,0.0,0.0,0.0,0.0,0.0,0.0,0.0,1.0,0.0,0.0,0.0,0.0,0.0,0.0,0.0,0.0,0.0,0.0,Matches,Liverpool
Giovanni Leoni,it ITA,DF,18,0,0,,,,,,,,,,,,,,,,,,,,,,,,,,,,Matches,Liverpool
Giorgi Mamardashvili,ge GEO,GK,25,0,0,,,,,,,,,,,,,,,,,,,,,,,,,,,,Matches,Liverpool
Trey Nyoni,eng ENG,MF,18,0,0,,,,,,,,,,,,,,,,,,,,,,,,,,,,Matches,Liverpool
Squad Total,,,27,6,66,540.0,6.0,12.0,8.0,20.0,11.0,1.0,1.0,13.0,0.0,9.0,8.2,6.9,15.2,148.0,292.0,290.0,2.0,1.33,3.33,1.83,3.17,1.5,1.15,2.65,1.37,2.53,,Liverpool
Opponent Total,,,27,6,66,540.0,6.0,7.0,5.0,12.0,7.0,0.0,0.0,12.0,2.0,6.9,6.9,5.4,12.3,78.0,148.0,143.0,1.17,0.83,2.0,1.17,2.0,1.15,0.91,2.06,1.15,2.06,,Liverpool
Gabriel Magalhães,br BRA,DF,27,6,6,540.0,6.0,1.0,0.0,1.0,1.0,0.0,0.0,0.0,0.0,0.5,0.5,0.0,0.5,5.0,26.0,1.0,0.17,0.0,0.17,0.17,0.17,0.08,0.0,0.08,0.08,0.08,Matches,Arsenal
David Raya,es ESP,GK,30,6,6,540.0,6.0,0.0,0.0,0.0,0.0,0.0,0.0,1.0,0.0,0.0,0.0,0.1,0.1,0.0,3.0,0.0,0.0,0.0,0.0,0.0,0.0,0.0,0.01,0.01,0.0,0.01,Matches,Arsenal
Martín Zubimendi,es ESP,MF,26,6,6,530.0,5.9,2.0,0.0,2.0,2.0,0.0,0.0,1.0,0.0,0.3,0.3,0.5,0.8,4.0,27.0,6.0,0.34,0.0,0.34,0.34,0.34,0.05,0.09,0.14,0.05,0.14,Matches,Arsenal
Viktor Gyökeres,se SWE,FW,27,6,6,486.0,5.4,3.0,0.0,3.0,2.0,1.0,1.0,1.0,0.0,2.4,1.6,0.3,1.9,3.0,4.0,29.0,0.56,0.0,0.56,0.37,0.37,0.44,0.05,0.49,0.3,0.35,Matches,Arsenal
Riccardo Calafiori,it ITA,DF,23,6,6,450.0,5.0,1.0,2.0,3.0,1.0,0.0,0.0,3.0,0.0,1.7,1.7,0.5,2.2,13.0,21.0,22.0,0.2,0.4,0.6,0.2,0.6,0.33,0.1,0.43,0.33,0.43,Matches,Arsenal
Declan Rice,eng ENG,MF,26,6,5,465.0,5.2,0.0,2.0,2.0,0.0,0.0,0.0,0.0,0.0,0.1,0.1,1.1,1.2,12.0,31.0,8.0,0.0,0.39,0.39,0.0,0.39,0.03,0.21,0.24,0.03,0.24,Matches,Arsenal
Jurriën Timber,nl NED,DF,24,6,5,432.0,4.8,2.0,1.0,3.0,2.0,0.0,0.0,2.0,0.0,1.6,1.6,0.4,2.0,11.0,35.0,24.0,0.42,0.21,0.62,0.42,0.62,0.34,0.09,0.43,0.34,0.43,Matches,Arsenal
William Saliba,fr FRA,DF,24,5,4,319.0,3.5,0.0,0.0,0.0,0.0,0.0,0.0,0.0,0.0,0.1,0.1,0.1,0.2,1.0,11.0,1.0,0.0,0.0,0.0,0.0,0.0,0.03,0.02,0.05,0.03,0.05,Matches,Arsenal
Noni Madueke,eng ENG,FW,23,5,4,304.0,3.4,0.0,0.0,0.0,0.0,0.0,0.0,0.0,0.0,0.3,0.3,0.8,1.1,18.0,9.0,44.0,0.0,0.0,0.0,0.0,0.0,0.09,0.25,0.34,0.09,0.34,Matches,Arsenal
Bukayo Saka,eng ENG,FW,24,4,3,256.0,2.8,1.0,0.0,1.0,1.0,0.0,0.0,0.0,0.0,0.4,0.4,0.2,0.6,17.0,4.0,36.0,0.35,0.0,0.35,0.35,0.35,0.13,0.08,0.21,0.13,0.21,Matches,Arsenal
Mikel Merino,es ESP,"MF,FW",29,5,3,233.0,2.6,1.0,0.0,1.0,1.0,0.0,0.0,0.0,0.0,0.2,0.2,0.1,0.3,5.0,9.0,8.0,0.39,0.0,0.39,0.39,0.39,0.07,0.04,0.11,0.07,0.11,Matches,Arsenal
Martin Ødegaard,no NOR,MF,26,5,3,174.0,1.9,0.0,1.0,1.0,0.0,0.0,0.0,0.0,0.0,0.1,0.1,0.4,0.5,9.0,21.0,4.0,0.0,0.52,0.52,0.0,0.52,0.07,0.19,0.26,0.07,0.26,Matches,Arsenal
Cristhian Mosquera,es ESP,DF,21,5,2,249.0,2.8,0.0,0.0,0.0,0.0,0.0,0.0,0.0,0.0,0.0,0.0,0.0,0.0,2.0,5.0,1.0,0.0,0.0,0.0,0.0,0.0,0.0,0.0,0.0,0.0,0.0,Matches,Arsenal
Eberechi Eze,eng ENG,"FW,MF",27,4,2,234.0,2.6,0.0,2.0,2.0,0.0,0.0,0.0,0.0,0.0,0.6,0.6,0.7,1.3,8.0,14.0,16.0,0.0,0.77,0.77,0.0,0.77,0.22,0.27,0.49,0.22,0.49,Matches,Arsenal
Leandro Trossard,be BEL,FW,30,4,2,220.0,2.4,0.0,1.0,1.0,0.0,0.0,0.0,0.0,0.0,0.5,0.5,0.2,0.7,4.0,6.0,19.0,0.0,0.41,0.41,0.0,0.41,0.21,0.09,0.3,0.21,0.3,Matches,Arsenal
Gabriel Martinelli,br BRA,FW,24,5,2,173.0,1.9,1.0,0.0,1.0,1.0,0.0,0.0,0.0,0.0,0.3,0.3,0.0,0.3,5.0,4.0,6.0,0.52,0.0,0.52,0.52,0.52,0.14,0.02,0.16,0.14,0.16,Matches,Arsenal
Ben White,eng ENG,DF,27,1,1,70.0,0.8,0.0,0.0,0.0,0.0,0.0,0.0,0.0,0.0,0.0,0.0,0.0,0.1,1.0,4.0,0.0,0.0,0.0,0.0,0.0,0.0,0.02,0.06,0.07,0.02,0.07,Matches,Arsenal
Ethan Nwaneri,eng ENG,MF,18,3,0,133.0,1.5,0.0,0.0,0.0,0.0,0.0,0.0,0.0,0.0,0.2,0.2,0.0,0.2,5.0,10.0,5.0,0.0,0.0,0.0,0.0,0.0,0.11,0.03,0.14,0.11,0.14,Matches,Arsenal
Myles Lewis-Skelly,eng ENG,DF,19,4,0,72.0,0.8,0.0,0.0,0.0,0.0,0.0,0.0,1.0,0.0,0.0,0.0,0.0,0.0,1.0,1.0,5.0,0.0,0.0,0.0,0.0,0.0,0.0,0.0,0.0,0.0,0.0,Matches,Arsenal
Kai Havertz,de GER,FW,26,1,0,31.0,0.3,0.0,0.0,0.0,0.0,0.0,0.0,0.0,0.0,0.0,0.0,0.0,0.0,1.0,2.0,2.0,0.0,0.0,0.0,0.0,0.0,0.0,0.0,0.0,0.0,0.0,Matches,Arsenal
Max Dowman,eng ENG,FW,15,2,0,29.0,0.3,0.0,0.0,0.0,0.0,0.0,0.0,0.0,0.0,0.1,0.1,0.0,0.1,4.0,0.0,6.0,0.0,0.0,0.0,0.0,0.0,0.43,0.0,0.43,0.43,0.43,Matches,Arsenal
Andre Annous,eng ENG,FW,17,0,0,,,,,,,,,,,,,,,,,,,,,,,,,,,,Matches,Arsenal
Kepa Arrizabalaga,es ESP,GK,30,0,0,,,,,,,,,,,,,,,,,,,,,,,,,,,,Matches,Arsenal
Piero Hincapié,ec ECU,DF,23,0,0,,,,,,,,,,,,,,,,,,,,,,,,,,,,Matches,Arsenal
Jakub Kiwior,pl POL,"DF,MF",25,0,0,,,,,,,,,,,,,,,,,,,,,,,,,,,,Matches,Arsenal
Christian Nørgaard,dk DEN,MF,31,0,0,,,,,,,,,,,,,,,,,,,,,,,,,,,,Matches,Arsenal
Squad Total,,,26,6,66,540.0,6.0,12.0,9.0,21.0,11.0,1.0,1.0,9.0,0.0,9.1,8.3,5.4,13.7,129.0,247.0,243.0,2.0,1.5,3.5,1.83,3.33,1.52,0.9,2.42,1.39,2.29,,Arsenal
Opponent Total,,,26,6,66,540.0,6.0,3.0,2.0,5.0,3.0,0.0,0.0,10.0,0.0,3.9,3.9,3.4,7.3,92.0,152.0,151.0,0.5,0.33,0.83,0.5,0.83,0.65,0.56,1.21,0.65,1.21,,Arsenal
Marc Guéhi,eng ENG,DF,25,6,6,540.0,6.0,1.0,1.0,2.0,1.0,0.0,0.0,0.0,0.0,0.4,0.4,0.5,0.9,4.0,23.0,1.0,0.17,0.17,0.33,0.17,0.33,0.07,0.08,0.14,0.07,0.14,Matches,Crystal-Palace
Dean Henderson,eng ENG,GK,28,6,6,540.0,6.0,0.0,0.0,0.0,0.0,0.0,0.0,1.0,0.0,0.0,0.0,0.0,0.0,0.0,0.0,0.0,0.0,0.0,0.0,0.0,0.0,0.0,0.0,0.0,0.0,0.0,Matches,Crystal-Palace
Maxence Lacroix,fr FRA,DF,25,6,6,540.0,6.0,0.0,1.0,1.0,0.0,0.0,0.0,1.0,0.0,0.3,0.3,0.5,0.8,0.0,8.0,1.0,0.0,0.17,0.17,0.0,0.17,0.05,0.09,0.14,0.05,0.14,Matches,Crystal-Palace
Tyrick Mitchell,eng ENG,"DF,MF",26,6,6,540.0,6.0,1.0,0.0,1.0,1.0,0.0,0.0,2.0,0.0,0.3,0.3,0.6,0.9,15.0,10.0,43.0,0.17,0.0,0.17,0.17,0.17,0.05,0.1,0.15,0.05,0.15,Matches,Crystal-Palace
Daniel Muñoz,co COL,"DF,MF",29,6,6,540.0,6.0,0.0,1.0,1.0,0.0,0.0,0.0,2.0,0.0,0.7,0.7,1.6,2.3,8.0,12.0,34.0,0.0,0.17,0.17,0.0,0.17,0.12,0.27,0.39,0.12,0.39,Matches,Crystal-Palace
Chris Richards,us USA,DF,25,6,6,540.0,6.0,0.0,0.0,0.0,0.0,0.0,0.0,0.0,0.0,0.3,0.3,0.0,0.3,2.0,10.0,1.0,0.0,0.0,0.0,0.0,0.0,0.04,0.0,0.05,0.04,0.05,Matches,Crystal-Palace
Jean-Philippe Mateta,fr FRA,FW,28,6,6,531.0,5.9,2.0,0.0,2.0,1.0,1.0,1.0,2.0,0.0,3.6,2.8,0.1,2.9,2.0,5.0,20.0,0.34,0.0,0.34,0.17,0.17,0.61,0.02,0.63,0.47,0.5,Matches,Crystal-Palace
Will Hughes,eng ENG,MF,30,6,5,412.0,4.6,0.0,0.0,0.0,0.0,0.0,0.0,3.0,0.0,0.2,0.2,0.5,0.6,2.0,25.0,3.0,0.0,0.0,0.0,0.0,0.0,0.03,0.1,0.14,0.03,0.14,Matches,Crystal-Palace
Adam Wharton,eng ENG,MF,21,5,5,361.0,4.0,0.0,0.0,0.0,0.0,0.0,0.0,0.0,0.0,0.1,0.1,1.8,1.8,4.0,19.0,2.0,0.0,0.0,0.0,0.0,0.0,0.02,0.44,0.46,0.02,0.46,Matches,Crystal-Palace
Daichi Kamada,jp JPN,MF,29,4,4,354.0,3.9,0.0,0.0,0.0,0.0,0.0,0.0,0.0,0.0,0.3,0.3,0.9,1.2,5.0,18.0,15.0,0.0,0.0,0.0,0.0,0.0,0.08,0.23,0.31,0.08,0.31,Matches,Crystal-Palace
Ismaila Sarr,sn SEN,"MF,FW",27,4,4,344.0,3.8,3.0,0.0,3.0,3.0,0.0,0.0,1.0,0.0,2.7,2.7,0.3,3.0,8.0,12.0,17.0,0.78,0.0,0.78,0.78,0.78,0.72,0.07,0.79,0.72,0.79,Matches,Crystal-Palace
Yeremi Pino,es ESP,MF,22,4,3,221.0,2.5,0.0,0.0,0.0,0.0,0.0,0.0,0.0,0.0,1.1,1.1,0.7,1.8,5.0,15.0,18.0,0.0,0.0,0.0,0.0,0.0,0.44,0.3,0.75,0.44,0.75,Matches,Crystal-Palace
Jefferson Lerma,co COL,MF,30,6,1,176.0,2.0,0.0,0.0,0.0,0.0,0.0,0.0,1.0,0.0,0.5,0.5,0.0,0.6,1.0,10.0,2.0,0.0,0.0,0.0,0.0,0.0,0.26,0.02,0.28,0.26,0.28,Matches,Crystal-Palace
Justin Devenny,nir NIR,"MF,FW",21,6,1,146.0,1.6,0.0,0.0,0.0,0.0,0.0,0.0,0.0,0.0,0.1,0.1,0.1,0.2,5.0,5.0,9.0,0.0,0.0,0.0,0.0,0.0,0.08,0.07,0.15,0.08,0.15,Matches,Crystal-Palace
Eberechi Eze,eng ENG,MF,27,1,1,83.0,0.9,0.0,0.0,0.0,0.0,0.0,0.0,0.0,0.0,0.2,0.2,0.0,0.2,0.0,1.0,2.0,0.0,0.0,0.0,0.0,0.0,0.26,0.0,0.26,0.26,0.26,Matches,Crystal-Palace
Eddie Nketiah,eng ENG,MF,26,2,0,32.0,0.4,1.0,0.0,1.0,1.0,0.0,0.0,1.0,0.0,0.6,0.6,0.1,0.7,0.0,1.0,1.0,2.81,0.0,2.81,2.81,2.81,1.72,0.34,2.06,1.72,2.06,Matches,Crystal-Palace
Romain Esse,eng ENG,FW,20,1,0,25.0,0.3,0.0,0.0,0.0,0.0,0.0,0.0,0.0,0.0,0.0,0.0,0.0,0.0,0.0,2.0,3.0,0.0,0.0,0.0,0.0,0.0,0.0,0.0,0.0,0.0,0.0,Matches,Crystal-Palace
Christantus Uche,ng NGA,MF,22,1,0,7.0,0.1,0.0,0.0,0.0,0.0,0.0,0.0,0.0,0.0,0.0,0.0,0.0,0.0,1.0,0.0,2.0,0.0,0.0,0.0,0.0,0.0,0.12,0.0,0.12,0.12,0.12,Matches,Crystal-Palace
Nathaniel Clyne,eng ENG,DF,34,1,0,5.0,0.1,0.0,0.0,0.0,0.0,0.0,0.0,0.0,0.0,0.0,0.0,0.0,0.0,0.0,0.0,0.0,0.0,0.0,0.0,0.0,0.0,0.0,0.0,0.0,0.0,0.0,Matches,Crystal-Palace
Odsonne Édouard,fr FRA,FW,27,1,0,3.0,0.0,0.0,0.0,0.0,0.0,0.0,0.0,0.0,0.0,0.0,0.0,0.0,0.0,0.0,0.0,0.0,0.0,0.0,0.0,0.0,0.0,0.0,0.0,0.0,0.0,0.0,Matches,Crystal-Palace
Walter Benítez,ar ARG,GK,32,0,0,,,,,,,,,,,,,,,,,,,,,,,,,,,,Matches,Crystal-Palace
Jaydee Canvot,fr FRA,MF,19,0,0,,,,,,,,,,,,,,,,,,,,,,,,,,,,Matches,Crystal-Palace
Rio Cardines,tt TRI,MF,19,0,0,,,,,,,,,,,,,,,,,,,,,,,,,,,,Matches,Crystal-Palace
Remi Matthews,eng ENG,GK,31,0,0,,,,,,,,,,,,,,,,,,,,,,,,,,,,Matches,Crystal-Palace
Jesurun Rak Sakyi,eng ENG,"FW,MF",22,0,0,,,,,,,,,,,,,,,,,,,,,,,,,,,,Matches,Crystal-Palace
Kaden Rodney,eng ENG,"DF,MF",20,0,0,,,,,,,,,,,,,,,,,,,,,,,,,,,,Matches,Crystal-Palace
Borna Sosa,hr CRO,"DF,MF",27,0,0,,,,,,,,,,,,,,,,,,,,,,,,,,,,Matches,Crystal-Palace
Squad Total,,,26,6,66,540.0,6.0,8.0,3.0,11.0,7.0,1.0,1.0,14.0,0.0,11.2,10.4,7.8,18.2,62.0,176.0,174.0,1.33,0.5,1.83,1.17,1.67,1.86,1.3,3.16,1.73,3.03,,Crystal-Palace
Opponent Total,,,26,6,66,540.0,6.0,3.0,2.0,5.0,3.0,0.0,0.0,14.0,0.0,6.7,6.7,5.0,11.7,98.0,289.0,287.0,0.5,0.33,0.83,0.5,0.83,1.12,0.84,1.95,1.12,1.95,,Crystal-Palace
Cristian Romero,ar ARG,DF,27,6,6,540.0,6.0,0.0,1.0,1.0,0.0,0.0,0.0,2.0,0.0,0.1,0.1,0.2,0.2,2.0,28.0,0.0,0.0,0.17,0.17,0.0,0.17,0.02,0.03,0.04,0.02,0.04,Matches,Tottenham-Hotspur
Guglielmo Vicario,it ITA,GK,28,6,6,540.0,6.0,0.0,0.0,0.0,0.0,0.0,0.0,0.0,0.0,0.0,0.0,0.0,0.0,0.0,0.0,0.0,0.0,0.0,0.0,0.0,0.0,0.0,0.0,0.0,0.0,0.0,Matches,Tottenham-Hotspur
Mohammed Kudus,gh GHA,FW,25,6,6,529.0,5.9,0.0,3.0,3.0,0.0,0.0,0.0,1.0,0.0,1.0,1.0,1.8,2.8,20.0,13.0,51.0,0.0,0.51,0.51,0.0,0.51,0.17,0.31,0.48,0.17,0.48,Matches,Tottenham-Hotspur
Micky van de Ven,nl NED,DF,24,6,6,529.0,5.9,1.0,0.0,1.0,1.0,0.0,0.0,1.0,0.0,0.7,0.7,0.1,0.8,4.0,18.0,2.0,0.17,0.0,0.17,0.17,0.17,0.12,0.02,0.13,0.12,0.13,Matches,Tottenham-Hotspur
Pedro Porro,es ESP,DF,26,6,5,457.0,5.1,0.0,0.0,0.0,0.0,0.0,0.0,1.0,0.0,0.1,0.1,0.7,0.8,13.0,24.0,10.0,0.0,0.0,0.0,0.0,0.0,0.02,0.14,0.16,0.02,0.16,Matches,Tottenham-Hotspur
Richarlison,br BRA,FW,28,6,5,437.0,4.9,3.0,1.0,4.0,3.0,0.0,0.0,1.0,0.0,1.6,1.6,0.8,2.4,7.0,9.0,17.0,0.62,0.21,0.82,0.62,0.82,0.33,0.16,0.49,0.33,0.49,Matches,Tottenham-Hotspur
João Palhinha,pt POR,MF,30,6,5,423.0,4.7,2.0,0.0,2.0,2.0,0.0,0.0,1.0,0.0,0.4,0.4,0.0,0.5,1.0,14.0,6.0,0.43,0.0,0.43,0.43,0.43,0.09,0.01,0.1,0.09,0.1,Matches,Tottenham-Hotspur
Djed Spence,eng ENG,DF,25,6,5,403.0,4.5,0.0,0.0,0.0,0.0,0.0,0.0,2.0,0.0,0.2,0.2,0.1,0.2,18.0,24.0,25.0,0.0,0.0,0.0,0.0,0.0,0.04,0.01,0.05,0.04,0.05,Matches,Tottenham-Hotspur
Lucas Bergvall,se SWE,MF,19,6,4,365.0,4.1,1.0,1.0,2.0,1.0,0.0,0.0,1.0,0.0,0.6,0.6,0.3,0.8,9.0,17.0,23.0,0.25,0.25,0.49,0.25,0.49,0.14,0.06,0.2,0.14,0.2,Matches,Tottenham-Hotspur
Pape Matar Sarr,sn SEN,MF,23,5,4,358.0,4.0,1.0,2.0,3.0,1.0,0.0,0.0,0.0,0.0,0.3,0.3,0.5,0.8,4.0,12.0,14.0,0.25,0.5,0.75,0.25,0.75,0.08,0.13,0.21,0.08,0.21,Matches,Tottenham-Hotspur
Rodrigo Bentancur,uy URU,MF,28,5,4,321.0,3.6,0.0,0.0,0.0,0.0,0.0,0.0,0.0,0.0,0.0,0.0,0.2,0.2,3.0,20.0,7.0,0.0,0.0,0.0,0.0,0.0,0.01,0.05,0.07,0.01,0.07,Matches,Tottenham-Hotspur
Brennan Johnson,wls WAL,FW,24,6,3,268.0,3.0,2.0,0.0,2.0,2.0,0.0,0.0,1.0,0.0,0.9,0.9,0.2,1.1,8.0,6.0,18.0,0.67,0.0,0.67,0.67,0.67,0.3,0.06,0.36,0.3,0.36,Matches,Tottenham-Hotspur
Destiny Udogie,it ITA,DF,22,4,2,213.0,2.4,0.0,0.0,0.0,0.0,0.0,0.0,0.0,0.0,0.0,0.0,0.1,0.1,13.0,16.0,24.0,0.0,0.0,0.0,0.0,0.0,0.01,0.03,0.04,0.01,0.04,Matches,Tottenham-Hotspur
Xavi Simons,nl NED,"FW,MF",22,3,2,177.0,2.0,0.0,1.0,1.0,0.0,0.0,0.0,1.0,0.0,0.3,0.3,0.5,0.8,12.0,13.0,14.0,0.0,0.51,0.51,0.0,0.51,0.15,0.26,0.41,0.15,0.41,Matches,Tottenham-Hotspur
Wilson Odobert,fr FRA,"FW,MF",20,6,1,157.0,1.7,0.0,0.0,0.0,0.0,0.0,0.0,0.0,0.0,0.4,0.4,0.1,0.5,6.0,12.0,15.0,0.0,0.0,0.0,0.0,0.0,0.21,0.07,0.28,0.21,0.28,Matches,Tottenham-Hotspur
Mathys Tel,fr FRA,"FW,DF",20,4,1,106.0,1.2,0.0,0.0,0.0,0.0,0.0,0.0,0.0,0.0,0.1,0.1,0.0,0.1,2.0,3.0,8.0,0.0,0.0,0.0,0.0,0.0,0.06,0.0,0.06,0.06,0.06,Matches,Tottenham-Hotspur
Archie Gray,eng ENG,MF,19,2,1,72.0,0.8,0.0,0.0,0.0,0.0,0.0,0.0,0.0,0.0,0.0,0.0,0.0,0.0,2.0,7.0,0.0,0.0,0.0,0.0,0.0,0.0,0.0,0.03,0.03,0.0,0.03,Matches,Tottenham-Hotspur
Dominic Solanke,eng ENG,FW,28,2,0,33.0,0.4,0.0,0.0,0.0,0.0,0.0,0.0,0.0,0.0,0.2,0.2,0.0,0.2,0.0,0.0,2.0,0.0,0.0,0.0,0.0,0.0,0.57,0.0,0.57,0.57,0.57,Matches,Tottenham-Hotspur
Kevin Danso,at AUT,DF,27,2,0,12.0,0.1,0.0,0.0,0.0,0.0,0.0,0.0,0.0,0.0,0.0,0.0,0.0,0.0,0.0,2.0,0.0,0.0,0.0,0.0,0.0,0.0,0.0,0.0,0.0,0.0,0.0,Matches,Tottenham-Hotspur
Ben Davies,wls WAL,"DF,MF",32,0,0,,,,,,,,,,,,,,,,,,,,,,,,,,,,Matches,Tottenham-Hotspur
Antonín Kinský,cz CZE,GK,22,0,0,,,,,,,,,,,,,,,,,,,,,,,,,,,,Matches,Tottenham-Hotspur
Randal Kolo Muani,fr FRA,"FW,MF",26,0,0,,,,,,,,,,,,,,,,,,,,,,,,,,,,Matches,Tottenham-Hotspur
Dane Scarlett,eng ENG,FW,21,0,0,,,,,,,,,,,,,,,,,,,,,,,,,,,,Matches,Tottenham-Hotspur
Manor Solomon,il ISR,"FW,MF",26,0,0,,,,,,,,,,,,,,,,,,,,,,,,,,,,Matches,Tottenham-Hotspur
Luka Vušković,hr CRO,DF,18,0,0,,,,,,,,,,,,,,,,,,,,,,,,,,,,Matches,Tottenham-Hotspur
Squad Total,,,25,6,66,540.0,6.0,10.0,9.0,19.0,10.0,0.0,0.0,12.0,0.0,6.8,6.8,5.4,12.2,124.0,238.0,236.0,1.67,1.5,3.17,1.67,3.17,1.13,0.91,2.04,1.13,2.04,,Tottenham-Hotspur
Opponent Total,,,26,6,66,540.0,6.0,4.0,2.0,6.0,4.0,0.0,0.0,8.0,1.0,7.1,7.1,5.5,12.6,69.0,168.0,167.0,0.67,0.33,1.0,0.67,1.0,1.18,0.92,2.1,1.18,2.1,,Tottenham-Hotspur
Trai Hume,nir NIR,DF,23,6,6,540.0,6.0,0.0,0.0,0.0,0.0,0.0,0.0,0.0,0.0,0.1,0.1,0.2,0.3,5.0,21.0,16.0,0.0,0.0,0.0,0.0,0.0,0.01,0.04,0.05,0.01,0.05,Matches,Sunderland
Robin Roefs,nl NED,GK,22,6,6,540.0,6.0,0.0,0.0,0.0,0.0,0.0,0.0,1.0,0.0,0.0,0.0,0.2,0.2,0.0,0.0,0.0,0.0,0.0,0.0,0.0,0.0,0.0,0.03,0.03,0.0,0.03,Matches,Sunderland
Granit Xhaka,ch SUI,MF,33,6,6,540.0,6.0,0.0,3.0,3.0,0.0,0.0,0.0,2.0,0.0,0.1,0.1,0.9,1.0,2.0,32.0,4.0,0.0,0.5,0.5,0.0,0.5,0.02,0.14,0.16,0.02,0.16,Matches,Sunderland
Noah Sadiki,cd COD,MF,20,6,6,532.0,5.9,0.0,0.0,0.0,0.0,0.0,0.0,2.0,0.0,0.1,0.1,0.1,0.2,11.0,15.0,21.0,0.0,0.0,0.0,0.0,0.0,0.02,0.02,0.04,0.02,0.04,Matches,Sunderland
Chemsdine Talbi,ma MAR,FW,20,6,6,468.0,5.2,0.0,1.0,1.0,0.0,0.0,0.0,0.0,0.0,0.6,0.6,0.2,0.8,10.0,4.0,26.0,0.0,0.19,0.19,0.0,0.19,0.12,0.03,0.16,0.12,0.16,Matches,Sunderland
Omar Alderete,py PAR,DF,28,6,5,488.0,5.4,1.0,1.0,2.0,1.0,0.0,0.0,0.0,0.0,0.6,0.6,0.0,0.7,8.0,23.0,0.0,0.18,0.18,0.37,0.18,0.37,0.11,0.01,0.12,0.11,0.12,Matches,Sunderland
Reinildo Mandava,mz MOZ,DF,31,5,5,392.0,4.4,0.0,0.0,0.0,0.0,0.0,0.0,1.0,1.0,0.0,0.0,0.0,0.0,11.0,21.0,8.0,0.0,0.0,0.0,0.0,0.0,0.0,0.0,0.0,0.0,0.0,Matches,Sunderland
Nordi Mukiele,fr FRA,DF,27,4,4,360.0,4.0,0.0,0.0,0.0,0.0,0.0,0.0,0.0,0.0,0.1,0.1,0.3,0.4,2.0,9.0,2.0,0.0,0.0,0.0,0.0,0.0,0.04,0.06,0.1,0.04,0.1,Matches,Sunderland
Habib Diarra,sn SEN,MF,21,4,4,345.0,3.8,0.0,0.0,0.0,0.0,0.0,0.0,1.0,0.0,0.6,0.6,0.0,0.6,10.0,13.0,17.0,0.0,0.0,0.0,0.0,0.0,0.15,0.01,0.16,0.15,0.16,Matches,Sunderland
Wilson Isidor,fr FRA,FW,25,6,3,321.0,3.6,3.0,0.0,3.0,3.0,0.0,0.0,0.0,0.0,1.2,1.2,0.0,1.2,1.0,3.0,13.0,0.84,0.0,0.84,0.84,0.84,0.35,0.0,0.35,0.35,0.35,Matches,Sunderland
Enzo Le Fée,fr FRA,"FW,MF",25,5,3,286.0,3.2,1.0,0.0,1.0,0.0,1.0,1.0,0.0,0.0,0.8,0.0,0.3,0.3,2.0,6.0,17.0,0.31,0.0,0.31,0.0,0.0,0.26,0.08,0.34,0.01,0.09,Matches,Sunderland
Simon Adingra,ci CIV,FW,23,5,3,237.0,2.6,0.0,0.0,0.0,0.0,0.0,0.0,1.0,0.0,0.1,0.1,0.5,0.6,6.0,2.0,31.0,0.0,0.0,0.0,0.0,0.0,0.05,0.19,0.25,0.05,0.25,Matches,Sunderland
Eliezer Mayenda,es ESP,FW,20,4,3,212.0,2.4,1.0,0.0,1.0,1.0,0.0,0.0,0.0,0.0,0.4,0.4,0.3,0.7,2.0,1.0,5.0,0.42,0.0,0.42,0.42,0.42,0.17,0.11,0.28,0.17,0.28,Matches,Sunderland
Daniel Ballard,nir NIR,DF,26,4,2,168.0,1.9,1.0,0.0,1.0,1.0,0.0,0.0,0.0,0.0,0.3,0.3,0.4,0.7,0.0,1.0,0.0,0.54,0.0,0.54,0.54,0.54,0.17,0.2,0.37,0.17,0.37,Matches,Sunderland
Chris Rigg,eng ENG,MF,18,4,2,96.0,1.1,0.0,0.0,0.0,0.0,0.0,0.0,0.0,0.0,0.1,0.1,0.0,0.1,0.0,1.0,3.0,0.0,0.0,0.0,0.0,0.0,0.1,0.03,0.14,0.1,0.14,Matches,Sunderland
Jenson Seelt,nl NED,DF,22,2,1,134.0,1.5,0.0,0.0,0.0,0.0,0.0,0.0,0.0,0.0,0.0,0.0,0.0,0.0,2.0,14.0,0.0,0.0,0.0,0.0,0.0,0.0,0.0,0.0,0.0,0.0,0.0,Matches,Sunderland
Arthur Masuaku,cd COD,DF,31,2,1,69.0,0.8,0.0,0.0,0.0,0.0,0.0,0.0,1.0,0.0,0.1,0.1,0.0,0.1,1.0,2.0,2.0,0.0,0.0,0.0,0.0,0.0,0.09,0.0,0.09,0.09,0.09,Matches,Sunderland
Lutsharel Geertruida,nl NED,"DF,MF",25,3,0,50.0,0.6,0.0,0.0,0.0,0.0,0.0,0.0,0.0,0.0,0.6,0.6,0.0,0.6,2.0,0.0,0.0,0.0,0.0,0.0,0.0,0.0,1.17,0.0,1.17,1.17,1.17,Matches,Sunderland
Bertrand Traoré,bf BFA,"MF,FW",30,1,0,32.0,0.4,0.0,0.0,0.0,0.0,0.0,0.0,0.0,0.0,0.1,0.1,0.6,0.7,0.0,0.0,1.0,0.0,0.0,0.0,0.0,0.0,0.14,1.79,1.93,0.14,1.93,Matches,Sunderland
Brian Brobbey,nl NED,FW,23,2,0,28.0,0.3,0.0,0.0,0.0,0.0,0.0,0.0,0.0,0.0,0.0,0.0,0.0,0.0,1.0,2.0,0.0,0.0,0.0,0.0,0.0,0.0,0.0,0.0,0.0,0.0,0.0,Matches,Sunderland
Patrick Roberts,eng ENG,"MF,FW",28,1,0,28.0,0.3,0.0,0.0,0.0,0.0,0.0,0.0,0.0,0.0,0.0,0.0,0.0,0.0,1.0,1.0,4.0,0.0,0.0,0.0,0.0,0.0,0.11,0.0,0.11,0.11,0.11,Matches,Sunderland
Marc Guiu,es ESP,FW,19,2,0,15.0,0.2,0.0,0.0,0.0,0.0,0.0,0.0,0.0,0.0,0.0,0.0,0.0,0.0,0.0,1.0,1.0,0.0,0.0,0.0,0.0,0.0,0.14,0.0,0.14,0.14,0.14,Matches,Sunderland
Dan Neil,eng ENG,MF,23,1,0,1.0,0.0,0.0,0.0,0.0,0.0,0.0,0.0,0.0,0.0,0.0,0.0,0.0,0.0,0.0,0.0,0.0,0.0,0.0,0.0,0.0,0.0,0.0,0.0,0.0,0.0,0.0,Matches,Sunderland
Harrison Jones,eng ENG,MF,20,0,0,,,,,,,,,,,,,,,,,,,,,,,,,,,,Matches,Sunderland
Luke O'Nien,eng ENG,"DF,MF",30,0,0,,,,,,,,,,,,,,,,,,,,,,,,,,,,Matches,Sunderland
Anthony Patterson,eng ENG,GK,25,0,0,,,,,,,,,,,,,,,,,,,,,,,,,,,,Matches,Sunderland
Squad Total,,,25,6,66,540.0,6.0,7.0,5.0,12.0,6.0,1.0,1.0,9.0,1.0,6.1,5.3,3.9,9.2,77.0,172.0,171.0,1.17,0.83,2.0,1.0,1.83,1.01,0.65,1.66,0.88,1.53,,Sunderland
Opponent Total,,,27,6,66,540.0,6.0,4.0,4.0,8.0,4.0,0.0,1.0,9.0,0.0,6.9,6.1,4.5,10.6,96.0,279.0,274.0,0.67,0.67,1.33,0.67,1.33,1.14,0.75,1.89,1.01,1.76,,Sunderland
Đorđe Petrović,rs SRB,GK,25,6,6,540.0,6.0,0.0,0.0,0.0,0.0,0.0,0.0,1.0,0.0,0.0,0.0,0.0,0.0,0.0,0.0,0.0,0.0,0.0,0.0,0.0,0.0,0.0,0.0,0.0,0.0,0.0,Matches,Bournemouth
Antoine Semenyo,gh GHA,"FW,MF",25,6,6,540.0,6.0,4.0,2.0,6.0,3.0,1.0,1.0,1.0,0.0,2.9,2.1,0.5,2.6,17.0,17.0,34.0,0.67,0.33,1.0,0.5,0.83,0.48,0.08,0.56,0.35,0.43,Matches,Bournemouth
Marcos Senesi,ar ARG,DF,28,6,6,540.0,6.0,0.0,2.0,2.0,0.0,0.0,0.0,1.0,0.0,0.1,0.1,0.3,0.4,4.0,33.0,0.0,0.0,0.33,0.33,0.0,0.33,0.02,0.05,0.07,0.02,0.07,Matches,Bournemouth
Adrien Truffert,fr FRA,DF,23,6,6,540.0,6.0,0.0,0.0,0.0,0.0,0.0,0.0,0.0,0.0,0.0,0.0,0.5,0.6,14.0,31.0,26.0,0.0,0.0,0.0,0.0,0.0,0.0,0.09,0.09,0.0,0.09,Matches,Bournemouth
Tyler Adams,us USA,MF,26,6,6,526.0,5.8,0.0,0.0,0.0,0.0,0.0,0.0,3.0,0.0,0.1,0.1,0.0,0.2,0.0,19.0,4.0,0.0,0.0,0.0,0.0,0.0,0.02,0.01,0.03,0.02,0.03,Matches,Bournemouth
Evanilson,br BRA,FW,25,6,6,526.0,5.8,1.0,0.0,1.0,1.0,0.0,0.0,1.0,0.0,1.0,1.0,0.7,1.7,4.0,7.0,16.0,0.17,0.0,0.17,0.17,0.17,0.17,0.11,0.29,0.17,0.29,Matches,Bournemouth
Bafodé Diakité,fr FRA,DF,24,5,5,450.0,5.0,0.0,0.0,0.0,0.0,0.0,0.0,1.0,0.0,0.0,0.0,0.1,0.1,0.0,14.0,2.0,0.0,0.0,0.0,0.0,0.0,0.0,0.02,0.02,0.0,0.02,Matches,Bournemouth
Marcus Tavernier,eng ENG,MF,26,6,5,438.0,4.9,1.0,0.0,1.0,1.0,0.0,0.0,0.0,0.0,0.9,0.9,0.4,1.3,15.0,19.0,31.0,0.21,0.0,0.21,0.21,0.21,0.19,0.07,0.26,0.19,0.26,Matches,Bournemouth
David Brooks,wls WAL,"FW,MF",28,6,5,370.0,4.1,0.0,1.0,1.0,0.0,0.0,0.0,2.0,0.0,0.9,0.9,1.4,2.3,10.0,13.0,38.0,0.0,0.24,0.24,0.0,0.24,0.21,0.34,0.55,0.21,0.55,Matches,Bournemouth
Alex Scott,eng ENG,MF,22,6,5,359.0,4.0,1.0,0.0,1.0,1.0,0.0,0.0,1.0,0.0,0.2,0.2,0.3,0.5,7.0,9.0,12.0,0.25,0.0,0.25,0.25,0.25,0.05,0.07,0.12,0.05,0.12,Matches,Bournemouth
Adam Smith,eng ENG,DF,34,3,3,204.0,2.3,0.0,0.0,0.0,0.0,0.0,0.0,0.0,0.0,0.0,0.0,0.3,0.3,1.0,6.0,2.0,0.0,0.0,0.0,0.0,0.0,0.0,0.12,0.12,0.0,0.12,Matches,Bournemouth
Álex Jiménez,es ESP,DF,20,3,2,121.0,1.3,0.0,0.0,0.0,0.0,0.0,0.0,3.0,0.0,0.1,0.1,0.1,0.1,5.0,7.0,3.0,0.0,0.0,0.0,0.0,0.0,0.06,0.04,0.1,0.06,0.1,Matches,Bournemouth
James Hill,eng ENG,DF,23,5,1,200.0,2.2,0.0,0.0,0.0,0.0,0.0,0.0,1.0,0.0,0.1,0.1,0.0,0.1,0.0,8.0,5.0,0.0,0.0,0.0,0.0,0.0,0.06,0.0,0.06,0.06,0.06,Matches,Bournemouth
Amine Adli,ma MAR,"FW,MF",25,5,1,151.0,1.7,0.0,0.0,0.0,0.0,0.0,0.0,0.0,0.0,0.1,0.1,0.2,0.3,3.0,5.0,17.0,0.0,0.0,0.0,0.0,0.0,0.06,0.11,0.17,0.06,0.17,Matches,Bournemouth
Ryan Christie,sct SCO,MF,30,4,1,140.0,1.6,0.0,0.0,0.0,0.0,0.0,0.0,0.0,0.0,0.2,0.2,0.0,0.2,4.0,12.0,5.0,0.0,0.0,0.0,0.0,0.0,0.1,0.01,0.11,0.1,0.11,Matches,Bournemouth
Justin Kluivert,nl NED,"MF,FW",26,5,1,134.0,1.5,0.0,0.0,0.0,0.0,0.0,0.0,0.0,0.0,0.3,0.3,0.2,0.6,4.0,6.0,10.0,0.0,0.0,0.0,0.0,0.0,0.21,0.16,0.37,0.21,0.37,Matches,Bournemouth
Veljko Milosavljević,rs SRB,DF,18,1,1,90.0,1.0,0.0,0.0,0.0,0.0,0.0,0.0,0.0,0.0,0.0,0.0,0.1,0.1,0.0,3.0,0.0,0.0,0.0,0.0,0.0,0.0,0.0,0.06,0.06,0.0,0.06,Matches,Bournemouth
Eli Junior Kroupi,fr FRA,"FW,MF",19,4,0,24.0,0.3,1.0,0.0,1.0,1.0,0.0,0.0,1.0,0.0,0.2,0.2,0.0,0.2,1.0,0.0,1.0,3.75,0.0,3.75,3.75,3.75,0.77,0.0,0.77,0.77,0.77,Matches,Bournemouth
Ben Gannon-Doak,sct SCO,FW,19,1,0,18.0,0.2,0.0,0.0,0.0,0.0,0.0,0.0,0.0,0.0,0.1,0.1,0.0,0.1,0.0,0.0,2.0,0.0,0.0,0.0,0.0,0.0,0.43,0.0,0.43,0.43,0.43,Matches,Bournemouth
Hamed Junior Traorè,ci CIV,MF,25,1,0,17.0,0.2,0.0,1.0,1.0,0.0,0.0,0.0,0.0,0.0,0.0,0.0,0.2,0.2,0.0,0.0,0.0,0.0,5.29,5.29,0.0,5.29,0.0,1.1,1.1,0.0,1.1,Matches,Bournemouth
Ben Winterburn,eng ENG,MF,21,1,0,7.0,0.1,0.0,0.0,0.0,0.0,0.0,0.0,0.0,0.0,0.0,0.0,0.0,0.0,0.0,0.0,0.0,0.0,0.0,0.0,0.0,0.0,0.0,0.0,0.0,0.0,0.0,Matches,Bournemouth
Lewis Cook,eng ENG,MF,28,1,0,4.0,0.0,0.0,0.0,0.0,0.0,0.0,0.0,0.0,0.0,0.0,0.0,0.0,0.0,0.0,0.0,0.0,0.0,0.0,0.0,0.0,0.0,0.0,0.0,0.0,0.0,0.0,Matches,Bournemouth
Julio Soler,ar ARG,FW,20,1,0,1.0,0.0,0.0,0.0,0.0,0.0,0.0,0.0,0.0,0.0,0.0,0.0,0.0,0.0,0.0,0.0,0.0,0.0,0.0,0.0,0.0,0.0,0.0,0.0,0.0,0.0,0.0,Matches,Bournemouth
Julian Araujo,mx MEX,DF,24,0,0,,,,,,,,,,,,,,,,,,,,,,,,,,,,Matches,Bournemouth
Philip Billing,dk DEN,MF,29,0,0,,,,,,,,,,,,,,,,,,,,,,,,,,,,Matches,Bournemouth
Will Dennis,eng ENG,GK,25,0,0,,,,,,,,,,,,,,,,,,,,,,,,,,,,Matches,Bournemouth
Romain Faivre,fr FRA,"FW,MF",27,0,0,,,,,,,,,,,,,,,,,,,,,,,,,,,,Matches,Bournemouth
Remy Rees-Dottin,eng ENG,FW,19,0,0,,,,,,,,,,,,,,,,,,,,,,,,,,,,Matches,Bournemouth
Squad Total,,,25,6,66,540.0,6.0,8.0,6.0,14.0,7.0,1.0,1.0,16.0,0.0,7.2,6.4,5.2,11.5,89.0,209.0,208.0,1.33,1.0,2.33,1.17,2.17,1.19,0.86,2.05,1.06,1.92,,Bournemouth
Opponent Total,,,26,6,66,540.0,6.0,7.0,5.0,12.0,7.0,0.0,0.0,14.0,1.0,5.5,5.5,4.6,10.1,89.0,194.0,190.0,1.17,0.83,2.0,1.17,2.0,0.91,0.77,1.68,0.91,1.68,,Bournemouth
Tijjani Reijnders,nl NED,MF,27,6,6,532.0,5.9,1.0,2.0,3.0,1.0,0.0,0.0,1.0,0.0,0.9,0.9,1.0,1.8,16.0,24.0,23.0,0.17,0.34,0.51,0.17,0.51,0.15,0.16,0.31,0.15,0.31,Matches,Manchester-City
Erling Haaland,no NOR,FW,25,6,6,503.0,5.6,8.0,1.0,9.0,8.0,0.0,0.0,0.0,0.0,7.5,7.5,1.1,8.6,9.0,5.0,17.0,1.43,0.18,1.61,1.43,1.61,1.34,0.2,1.54,1.34,1.54,Matches,Manchester-City
Rúben Dias,pt POR,DF,28,6,5,456.0,5.1,0.0,0.0,0.0,0.0,0.0,0.0,0.0,0.0,0.0,0.0,0.0,0.0,5.0,14.0,0.0,0.0,0.0,0.0,0.0,0.0,0.0,0.0,0.0,0.0,0.0,Matches,Manchester-City
Jeremy Doku,be BEL,"MF,FW",23,6,4,373.0,4.1,0.0,3.0,3.0,0.0,0.0,0.0,0.0,0.0,0.6,0.6,2.1,2.7,43.0,13.0,43.0,0.0,0.72,0.72,0.0,0.72,0.14,0.52,0.65,0.14,0.65,Matches,Manchester-City
Bernardo Silva,pt POR,MF,31,6,4,358.0,4.0,0.0,1.0,1.0,0.0,0.0,0.0,1.0,0.0,0.1,0.1,1.7,1.7,7.0,15.0,20.0,0.0,0.25,0.25,0.0,0.25,0.01,0.42,0.44,0.01,0.44,Matches,Manchester-City
Nico O’Reilly,eng ENG,"DF,MF",20,5,3,302.0,3.4,0.0,0.0,0.0,0.0,0.0,0.0,1.0,0.0,0.1,0.1,0.1,0.2,7.0,9.0,12.0,0.0,0.0,0.0,0.0,0.0,0.03,0.03,0.06,0.03,0.06,Matches,Manchester-City
Oscar Bobb,no NOR,"FW,MF",22,5,3,287.0,3.2,0.0,1.0,1.0,0.0,0.0,0.0,0.0,0.0,0.3,0.3,0.4,0.7,11.0,10.0,37.0,0.0,0.31,0.31,0.0,0.31,0.09,0.11,0.21,0.09,0.21,Matches,Manchester-City
Nicolás González,es ESP,MF,23,5,3,284.0,3.2,0.0,0.0,0.0,0.0,0.0,0.0,1.0,0.0,0.1,0.1,0.3,0.4,4.0,22.0,5.0,0.0,0.0,0.0,0.0,0.0,0.03,0.1,0.13,0.03,0.13,Matches,Manchester-City
Rodri,es ESP,MF,29,4,3,271.0,3.0,0.0,0.0,0.0,0.0,0.0,0.0,0.0,0.0,0.1,0.1,0.1,0.2,4.0,19.0,5.0,0.0,0.0,0.0,0.0,0.0,0.05,0.03,0.07,0.05,0.07,Matches,Manchester-City
Gianluigi Donnarumma,it ITA,GK,26,3,3,270.0,3.0,0.0,0.0,0.0,0.0,0.0,0.0,1.0,0.0,0.0,0.0,0.0,0.0,0.0,0.0,0.0,0.0,0.0,0.0,0.0,0.0,0.0,0.0,0.0,0.0,0.0,Matches,Manchester-City
James Trafford,eng ENG,GK,22,3,3,270.0,3.0,0.0,0.0,0.0,0.0,0.0,0.0,0.0,0.0,0.0,0.0,0.0,0.0,0.0,0.0,0.0,0.0,0.0,0.0,0.0,0.0,0.0,0.0,0.0,0.0,0.0,Matches,Manchester-City
John Stones,eng ENG,DF,31,4,3,265.0,2.9,0.0,0.0,0.0,0.0,0.0,0.0,0.0,0.0,0.0,0.0,0.0,0.0,2.0,14.0,2.0,0.0,0.0,0.0,0.0,0.0,0.0,0.0,0.0,0.0,0.0,Matches,Manchester-City
Phil Foden,eng ENG,MF,25,4,3,263.0,2.9,1.0,0.0,1.0,1.0,0.0,0.0,1.0,0.0,0.5,0.5,0.1,0.6,4.0,14.0,12.0,0.34,0.0,0.34,0.34,0.34,0.15,0.05,0.2,0.15,0.2,Matches,Manchester-City
Joško Gvardiol,hr CRO,DF,23,3,3,249.0,2.8,0.0,0.0,0.0,0.0,0.0,0.0,0.0,0.0,0.0,0.0,0.1,0.1,2.0,17.0,0.0,0.0,0.0,0.0,0.0,0.0,0.01,0.03,0.05,0.01,0.05,Matches,Manchester-City
Abdukodir Khusanov,uz UZB,DF,21,4,3,228.0,2.5,0.0,0.0,0.0,0.0,0.0,0.0,1.0,0.0,0.0,0.0,0.0,0.0,2.0,5.0,4.0,0.0,0.0,0.0,0.0,0.0,0.0,0.0,0.0,0.0,0.0,Matches,Manchester-City
Rayan Aït-Nouri,dz ALG,DF,24,3,3,202.0,2.2,0.0,0.0,0.0,0.0,0.0,0.0,1.0,0.0,0.0,0.0,0.2,0.2,6.0,7.0,8.0,0.0,0.0,0.0,0.0,0.0,0.02,0.09,0.11,0.02,0.11,Matches,Manchester-City
Matheus Nunes,pt POR,DF,27,4,2,244.0,2.7,1.0,0.0,1.0,1.0,0.0,0.0,0.0,0.0,0.2,0.2,0.0,0.2,6.0,12.0,9.0,0.37,0.0,0.37,0.37,0.37,0.07,0.0,0.07,0.07,0.07,Matches,Manchester-City
Rico Lewis,eng ENG,DF,20,4,2,169.0,1.9,0.0,1.0,1.0,0.0,0.0,0.0,0.0,0.0,0.0,0.0,1.0,1.0,2.0,18.0,9.0,0.0,0.53,0.53,0.0,0.53,0.01,0.54,0.55,0.01,0.55,Matches,Manchester-City
Omar Marmoush,eg EGY,"FW,MF",26,3,2,149.0,1.7,0.0,1.0,1.0,0.0,0.0,0.0,0.0,0.0,0.8,0.8,1.0,1.8,7.0,5.0,14.0,0.0,0.6,0.6,0.0,0.6,0.5,0.58,1.08,0.5,1.08,Matches,Manchester-City
Sávio,br BRA,"MF,FW",21,3,1,79.0,0.9,0.0,0.0,0.0,0.0,0.0,0.0,0.0,0.0,0.0,0.0,0.0,0.0,6.0,1.0,9.0,0.0,0.0,0.0,0.0,0.0,0.06,0.0,0.06,0.06,0.06,Matches,Manchester-City
Rayan Cherki,fr FRA,"MF,FW",22,2,1,71.0,0.8,1.0,0.0,1.0,1.0,0.0,0.0,0.0,0.0,0.1,0.1,0.5,0.5,3.0,6.0,3.0,1.27,0.0,1.27,1.27,1.27,0.07,0.6,0.67,0.07,0.67,Matches,Manchester-City
Nathan Aké,nl NED,DF,30,4,0,115.0,1.3,0.0,0.0,0.0,0.0,0.0,0.0,0.0,0.0,0.2,0.2,0.1,0.3,1.0,6.0,2.0,0.0,0.0,0.0,0.0,0.0,0.15,0.07,0.22,0.15,0.22,Matches,Manchester-City
Manuel Akanji,ch SUI,"DF,MF",30,0,0,,,,,,,,,,,,,,,,,,,,,,,,,,,,Matches,Manchester-City
Ederson,br BRA,GK,32,0,0,,,,,,,,,,,,,,,,,,,,,,,,,,,,Matches,Manchester-City
İlkay Gündoğan,de GER,MF,34,0,0,,,,,,,,,,,,,,,,,,,,,,,,,,,,Matches,Manchester-City
Mateo Kovačić,hr CRO,MF,31,0,0,,,,,,,,,,,,,,,,,,,,,,,,,,,,Matches,Manchester-City
Ryan Mcaidoo,eng ENG,FW,17,0,0,,,,,,,,,,,,,,,,,,,,,,,,,,,,Matches,Manchester-City
Stephen Mfuni,eng ENG,DF,17,0,0,,,,,,,,,,,,,,,,,,,,,,,,,,,,Matches,Manchester-City
Divine Mukasa,eng ENG,MF,18,0,0,,,,,,,,,,,,,,,,,,,,,,,,,,,,Matches,Manchester-City
Stefan Ortega,de GER,GK,32,0,0,,,,,,,,,,,,,,,,,,,,,,,,,,,,Matches,Manchester-City
Squad Total,,,25,6,66,540.0,6.0,12.0,10.0,22.0,12.0,0.0,0.0,8.0,0.0,11.3,11.3,9.7,21.0,147.0,236.0,234.0,2.0,1.67,3.67,2.0,3.67,1.89,1.62,3.5,1.89,3.5,,Manchester-City
Opponent Total,,,26,6,66,540.0,6.0,6.0,4.0,10.0,5.0,1.0,1.0,11.0,0.0,6.4,5.6,4.2,9.9,99.0,181.0,181.0,1.0,0.67,1.67,0.83,1.5,1.07,0.71,1.77,0.94,1.65,,Manchester-City
Moisés Caicedo,ec ECU,MF,23,6,6,540.0,6.0,2.0,0.0,2.0,2.0,0.0,0.0,1.0,0.0,0.5,0.5,0.1,0.5,5.0,33.0,3.0,0.33,0.0,0.33,0.33,0.33,0.08,0.01,0.09,0.08,0.09,Matches,Chelsea
Enzo Fernández,ar ARG,MF,24,6,6,528.0,5.9,3.0,1.0,4.0,2.0,1.0,1.0,1.0,0.0,3.4,2.6,0.8,3.4,8.0,37.0,23.0,0.51,0.17,0.68,0.34,0.51,0.58,0.13,0.71,0.45,0.58,Matches,Chelsea
João Pedro,br BRA,"FW,MF",24,6,6,510.0,5.7,2.0,3.0,5.0,2.0,0.0,0.0,0.0,0.0,1.5,1.5,1.4,2.9,13.0,19.0,37.0,0.35,0.53,0.88,0.35,0.88,0.26,0.26,0.52,0.26,0.52,Matches,Chelsea
Trevoh Chalobah,eng ENG,DF,26,6,6,480.0,5.3,2.0,0.0,2.0,2.0,0.0,0.0,1.0,1.0,0.7,0.7,0.0,0.7,8.0,25.0,0.0,0.37,0.0,0.37,0.37,0.37,0.14,0.0,0.14,0.14,0.14,Matches,Chelsea
Robert Sánchez,es ESP,GK,27,6,6,454.0,5.0,0.0,0.0,0.0,0.0,0.0,0.0,0.0,1.0,0.0,0.0,0.1,0.1,0.0,0.0,0.0,0.0,0.0,0.0,0.0,0.0,0.0,0.01,0.01,0.0,0.01,Matches,Chelsea
Pedro Neto,pt POR,FW,25,6,6,434.0,4.8,1.0,0.0,1.0,1.0,0.0,0.0,0.0,0.0,0.6,0.6,0.9,1.5,22.0,16.0,49.0,0.21,0.0,0.21,0.21,0.21,0.12,0.19,0.31,0.12,0.31,Matches,Chelsea
Marc Cucurella,es ESP,DF,27,6,5,446.0,5.0,0.0,1.0,1.0,0.0,0.0,0.0,2.0,0.0,0.2,0.2,0.8,1.0,8.0,19.0,18.0,0.0,0.2,0.2,0.0,0.2,0.05,0.16,0.21,0.05,0.21,Matches,Chelsea
Estêvão Willian,br BRA,FW,18,5,4,248.0,2.8,0.0,1.0,1.0,0.0,0.0,0.0,1.0,0.0,1.2,1.2,0.9,2.1,9.0,3.0,24.0,0.0,0.36,0.36,0.0,0.36,0.43,0.32,0.75,0.43,0.75,Matches,Chelsea
Tosin Adarabioyo,eng ENG,DF,28,4,3,354.0,3.9,0.0,0.0,0.0,0.0,0.0,0.0,1.0,0.0,0.0,0.0,0.0,0.0,2.0,15.0,0.0,0.0,0.0,0.0,0.0,0.0,0.01,0.0,0.01,0.01,0.01,Matches,Chelsea
Reece James,eng ENG,DF,25,6,3,335.0,3.7,0.0,1.0,1.0,0.0,0.0,0.0,2.0,0.0,0.1,0.1,1.1,1.2,8.0,17.0,16.0,0.0,0.27,0.27,0.0,0.27,0.03,0.3,0.33,0.03,0.33,Matches,Chelsea
Malo Gusto,fr FRA,"DF,FW",22,5,2,225.0,2.5,0.0,0.0,0.0,0.0,0.0,0.0,0.0,0.0,0.0,0.0,0.0,0.0,4.0,13.0,15.0,0.0,0.0,0.0,0.0,0.0,0.01,0.01,0.02,0.01,0.02,Matches,Chelsea
Jamie Gittens,eng ENG,FW,21,4,2,145.0,1.6,0.0,0.0,0.0,0.0,0.0,0.0,0.0,0.0,0.1,0.1,0.1,0.2,5.0,1.0,11.0,0.0,0.0,0.0,0.0,0.0,0.07,0.09,0.15,0.07,0.15,Matches,Chelsea
Jorrel Hato,nl NED,DF,19,3,2,145.0,1.6,0.0,0.0,0.0,0.0,0.0,0.0,2.0,0.0,0.0,0.0,0.0,0.0,0.0,3.0,1.0,0.0,0.0,0.0,0.0,0.0,0.0,0.0,0.0,0.0,0.0,Matches,Chelsea
Cole Palmer,eng ENG,MF,23,3,2,145.0,1.6,1.0,0.0,1.0,1.0,0.0,0.0,0.0,0.0,0.8,0.8,0.0,0.8,9.0,11.0,14.0,0.62,0.0,0.62,0.62,0.62,0.5,0.01,0.51,0.5,0.51,Matches,Chelsea
Wesley Fofana,fr FRA,DF,24,3,2,130.0,1.4,0.0,0.0,0.0,0.0,0.0,0.0,0.0,0.0,0.0,0.0,0.0,0.0,3.0,4.0,1.0,0.0,0.0,0.0,0.0,0.0,0.0,0.0,0.0,0.0,0.0,Matches,Chelsea
Liam Delap,eng ENG,FW,22,3,2,92.0,1.0,0.0,0.0,0.0,0.0,0.0,0.0,0.0,0.0,0.2,0.2,0.0,0.2,2.0,3.0,4.0,0.0,0.0,0.0,0.0,0.0,0.22,0.0,0.22,0.22,0.22,Matches,Chelsea
Andrey Santos,br BRA,MF,21,5,1,174.0,1.9,0.0,0.0,0.0,0.0,0.0,0.0,1.0,0.0,0.4,0.4,0.1,0.5,4.0,12.0,7.0,0.0,0.0,0.0,0.0,0.0,0.21,0.04,0.25,0.21,0.25,Matches,Chelsea
Joshua Acheampong,eng ENG,DF,19,2,1,127.0,1.4,0.0,0.0,0.0,0.0,0.0,0.0,0.0,0.0,0.1,0.1,0.0,0.1,0.0,3.0,0.0,0.0,0.0,0.0,0.0,0.0,0.07,0.0,0.07,0.07,0.07,Matches,Chelsea
Facundo Buonanotte,ar ARG,MF,20,1,1,45.0,0.5,0.0,0.0,0.0,0.0,0.0,0.0,0.0,0.0,0.0,0.0,0.3,0.3,0.0,0.0,5.0,0.0,0.0,0.0,0.0,0.0,0.0,0.51,0.51,0.0,0.51,Matches,Chelsea
Tyrique George,eng ENG,FW,19,3,0,139.0,1.5,0.0,0.0,0.0,0.0,0.0,0.0,2.0,0.0,0.2,0.2,0.0,0.2,1.0,4.0,9.0,0.0,0.0,0.0,0.0,0.0,0.16,0.0,0.16,0.16,0.16,Matches,Chelsea
Filip Jørgensen,dk DEN,GK,23,1,0,84.0,0.9,0.0,0.0,0.0,0.0,0.0,0.0,0.0,0.0,0.0,0.0,0.0,0.0,0.0,0.0,0.0,0.0,0.0,0.0,0.0,0.0,0.0,0.0,0.0,0.0,0.0,Matches,Chelsea
Benoît Badiashile,fr FRA,DF,24,1,0,12.0,0.1,0.0,0.0,0.0,0.0,0.0,0.0,1.0,0.0,0.0,0.0,0.0,0.0,0.0,1.0,0.0,0.0,0.0,0.0,0.0,0.0,0.0,0.0,0.0,0.0,0.0,Matches,Chelsea
Alejandro Garnacho,ar ARG,FW,21,1,0,12.0,0.1,0.0,0.0,0.0,0.0,0.0,0.0,0.0,0.0,0.0,0.0,0.1,0.1,3.0,0.0,2.0,0.0,0.0,0.0,0.0,0.0,0.0,0.66,0.66,0.0,0.66,Matches,Chelsea
Roméo Lavia,be BEL,MF,21,1,0,12.0,0.1,0.0,0.0,0.0,0.0,0.0,0.0,0.0,0.0,0.0,0.0,0.0,0.0,0.0,1.0,0.0,0.0,0.0,0.0,0.0,0.0,0.0,0.0,0.0,0.0,0.0,Matches,Chelsea
Dario Essugo,pt POR,MF,20,0,0,,,,,,,,,,,,,,,,,,,,,,,,,,,,Matches,Chelsea
Marc Guiu,es ESP,FW,19,0,0,,,,,,,,,,,,,,,,,,,,,,,,,,,,Matches,Chelsea
Gaga Slonina,us USA,GK,21,0,0,,,,,,,,,,,,,,,,,,,,,,,,,,,,Matches,Chelsea
Squad Total,,,24,6,66,540.0,6.0,11.0,7.0,18.0,10.0,1.0,1.0,15.0,2.0,9.9,9.1,6.7,15.8,114.0,240.0,239.0,1.83,1.17,3.0,1.67,2.83,1.65,1.11,2.76,1.52,2.63,,Chelsea
Opponent Total,,,26,6,66,540.0,6.0,8.0,8.0,16.0,8.0,0.0,0.0,15.0,1.0,7.8,7.8,6.7,14.5,81.0,173.0,170.0,1.33,1.33,2.67,1.33,2.67,1.29,1.12,2.41,1.29,2.41,,Chelsea
Kiernan Dewsbury-Hall,eng ENG,MF,27,6,6,540.0,6.0,1.0,1.0,2.0,1.0,0.0,0.0,5.0,0.0,0.4,0.4,1.8,2.2,10.0,34.0,24.0,0.17,0.17,0.33,0.17,0.33,0.07,0.3,0.37,0.07,0.37,Matches,Everton
James Garner,eng ENG,"DF,MF",24,6,6,540.0,6.0,1.0,1.0,2.0,1.0,0.0,0.0,1.0,0.0,0.4,0.4,0.7,1.2,4.0,34.0,11.0,0.17,0.17,0.33,0.17,0.33,0.07,0.12,0.2,0.07,0.2,Matches,Everton
Michael Keane,eng ENG,DF,32,6,6,540.0,6.0,1.0,0.0,1.0,1.0,0.0,0.0,0.0,0.0,0.6,0.6,0.1,0.7,0.0,13.0,1.0,0.17,0.0,0.17,0.17,0.17,0.1,0.02,0.12,0.1,0.12,Matches,Everton
Jake O'Brien,ie IRL,DF,24,6,6,540.0,6.0,0.0,0.0,0.0,0.0,0.0,0.0,0.0,0.0,0.4,0.4,0.0,0.4,7.0,15.0,18.0,0.0,0.0,0.0,0.0,0.0,0.06,0.01,0.07,0.06,0.07,Matches,Everton
Jordan Pickford,eng ENG,GK,31,6,6,540.0,6.0,0.0,0.0,0.0,0.0,0.0,0.0,0.0,0.0,0.0,0.0,0.0,0.0,0.0,0.0,0.0,0.0,0.0,0.0,0.0,0.0,0.0,0.0,0.0,0.0,0.0,Matches,Everton
James Tarkowski,eng ENG,DF,32,6,6,540.0,6.0,0.0,0.0,0.0,0.0,0.0,0.0,1.0,0.0,0.4,0.4,0.2,0.6,5.0,21.0,0.0,0.0,0.0,0.0,0.0,0.0,0.07,0.04,0.11,0.07,0.11,Matches,Everton
Idrissa Gana Gueye,sn SEN,MF,36,6,6,525.0,5.8,1.0,0.0,1.0,1.0,0.0,0.0,0.0,0.0,0.7,0.7,0.1,0.9,2.0,30.0,9.0,0.17,0.0,0.17,0.17,0.17,0.13,0.02,0.15,0.13,0.15,Matches,Everton
Iliman Ndiaye,sn SEN,FW,25,6,6,497.0,5.5,2.0,1.0,3.0,2.0,0.0,0.0,1.0,0.0,1.4,1.4,0.8,2.2,15.0,10.0,27.0,0.36,0.18,0.54,0.36,0.54,0.25,0.15,0.4,0.25,0.4,Matches,Everton
Jack Grealish,eng ENG,FW,30,6,5,466.0,5.2,0.0,4.0,4.0,0.0,0.0,0.0,2.0,0.0,0.4,0.4,2.4,2.8,42.0,24.0,60.0,0.0,0.77,0.77,0.0,0.77,0.08,0.46,0.55,0.08,0.55,Matches,Everton
Beto,gw GNB,FW,27,6,5,379.0,4.2,1.0,0.0,1.0,1.0,0.0,0.0,1.0,0.0,2.2,2.2,0.2,2.3,1.0,2.0,17.0,0.24,0.0,0.24,0.24,0.24,0.51,0.04,0.55,0.51,0.55,Matches,Everton
Vitaliy Mykolenko,ua UKR,DF,26,3,3,265.0,2.9,0.0,0.0,0.0,0.0,0.0,0.0,1.0,0.0,0.0,0.0,0.0,0.0,2.0,17.0,11.0,0.0,0.0,0.0,0.0,0.0,0.0,0.02,0.02,0.0,0.02,Matches,Everton
Tim Iroegbunam,eng ENG,MF,22,4,3,220.0,2.4,0.0,0.0,0.0,0.0,0.0,0.0,3.0,0.0,0.2,0.2,0.0,0.2,1.0,6.0,2.0,0.0,0.0,0.0,0.0,0.0,0.06,0.0,0.06,0.06,0.06,Matches,Everton
Thierno Barry,fr FRA,FW,22,6,1,166.0,1.8,0.0,0.0,0.0,0.0,0.0,0.0,0.0,0.0,0.5,0.5,0.0,0.5,2.0,2.0,10.0,0.0,0.0,0.0,0.0,0.0,0.25,0.0,0.25,0.25,0.25,Matches,Everton
Carlos Alcaraz,ar ARG,"FW,MF",22,4,1,120.0,1.3,0.0,0.0,0.0,0.0,0.0,0.0,1.0,0.0,0.0,0.0,0.0,0.0,1.0,1.0,7.0,0.0,0.0,0.0,0.0,0.0,0.01,0.0,0.01,0.01,0.01,Matches,Everton
Merlin Röhl,de GER,MF,23,1,0,25.0,0.3,0.0,0.0,0.0,0.0,0.0,0.0,0.0,0.0,0.0,0.0,0.1,0.1,0.0,1.0,5.0,0.0,0.0,0.0,0.0,0.0,0.1,0.26,0.36,0.1,0.36,Matches,Everton
Dwight McNeil,eng ENG,FW,25,1,0,20.0,0.2,0.0,0.0,0.0,0.0,0.0,0.0,0.0,0.0,0.2,0.2,0.1,0.4,0.0,0.0,2.0,0.0,0.0,0.0,0.0,0.0,1.1,0.64,1.74,1.1,1.74,Matches,Everton
Tyler Dibling,eng ENG,FW,19,2,0,15.0,0.2,0.0,0.0,0.0,0.0,0.0,0.0,0.0,0.0,0.0,0.0,0.0,0.0,1.0,0.0,3.0,0.0,0.0,0.0,0.0,0.0,0.0,0.0,0.0,0.0,0.0,Matches,Everton
Harrison Armstrong,eng ENG,FW,18,1,0,1.0,0.0,0.0,0.0,0.0,0.0,0.0,0.0,0.0,0.0,0.0,0.0,0.0,0.0,0.0,0.0,0.0,0.0,0.0,0.0,0.0,0.0,0.0,0.0,0.0,0.0,0.0,Matches,Everton
Séamus Coleman,ie IRL,FW,36,1,0,1.0,0.0,0.0,0.0,0.0,0.0,0.0,0.0,0.0,0.0,0.0,0.0,0.0,0.0,0.0,0.0,0.0,0.0,0.0,0.0,0.0,0.0,0.0,0.0,0.0,0.0,0.0,Matches,Everton
Adam Aznou,ma MAR,DF,19,0,0,,,,,,,,,,,,,,,,,,,,,,,,,,,,Matches,Everton
Elijah Campbell,eng ENG,DF,21,0,0,,,,,,,,,,,,,,,,,,,,,,,,,,,,Matches,Everton
Youssef Chermiti,pt POR,FW,21,0,0,,,,,,,,,,,,,,,,,,,,,,,,,,,,Matches,Everton
Tyler Onyango,eng ENG,MF,22,0,0,,,,,,,,,,,,,,,,,,,,,,,,,,,,Matches,Everton
Nathan Patterson,sct SCO,DF,23,0,0,,,,,,,,,,,,,,,,,,,,,,,,,,,,Matches,Everton
Mark Travers,ie IRL,GK,26,0,0,,,,,,,,,,,,,,,,,,,,,,,,,,,,Matches,Everton
Harry Tyrer,eng ENG,GK,23,0,0,,,,,,,,,,,,,,,,,,,,,,,,,,,,Matches,Everton
Squad Total,,,28,6,66,540.0,6.0,7.0,7.0,14.0,7.0,0.0,0.0,16.0,0.0,7.7,7.7,6.7,14.4,93.0,210.0,207.0,1.17,1.17,2.33,1.17,2.33,1.28,1.11,2.39,1.28,2.39,,Everton
Opponent Total,,,26,6,66,540.0,6.0,6.0,4.0,10.0,5.0,1.0,2.0,12.0,0.0,8.0,6.6,4.9,11.5,83.0,225.0,224.0,1.0,0.67,1.67,0.83,1.5,1.34,0.81,2.15,1.1,1.91,,Everton
Lewis Dunk,eng ENG,DF,33,6,6,540.0,6.0,0.0,0.0,0.0,0.0,0.0,0.0,2.0,0.0,0.3,0.3,0.0,0.3,1.0,16.0,1.0,0.0,0.0,0.0,0.0,0.0,0.05,0.01,0.05,0.05,0.05,Matches,Brighton-and-Hove-Albion
Jan Paul van Hecke,nl NED,DF,25,6,6,540.0,6.0,0.0,0.0,0.0,0.0,0.0,0.0,2.0,0.0,0.3,0.3,0.0,0.3,11.0,34.0,1.0,0.0,0.0,0.0,0.0,0.0,0.06,0.0,0.06,0.06,0.06,Matches,Brighton-and-Hove-Albion
Bart Verbruggen,nl NED,GK,23,6,6,540.0,6.0,0.0,0.0,0.0,0.0,0.0,0.0,0.0,0.0,0.0,0.0,0.1,0.1,0.0,0.0,0.0,0.0,0.0,0.0,0.0,0.0,0.0,0.02,0.02,0.0,0.02,Matches,Brighton-and-Hove-Albion
Kaoru Mitoma,jp JPN,FW,28,6,6,508.0,5.6,1.0,1.0,2.0,1.0,0.0,0.0,1.0,0.0,0.8,0.8,1.1,1.8,13.0,13.0,37.0,0.18,0.18,0.35,0.18,0.35,0.13,0.19,0.32,0.13,0.32,Matches,Brighton-and-Hove-Albion
Yankuba Minteh,gm GAM,FW,21,6,6,501.0,5.6,1.0,2.0,3.0,1.0,0.0,0.0,0.0,0.0,1.6,1.6,1.8,3.4,30.0,5.0,46.0,0.18,0.36,0.54,0.18,0.54,0.29,0.33,0.61,0.29,0.61,Matches,Brighton-and-Hove-Albion
Carlos Baleba,cm CMR,MF,21,6,5,308.0,3.4,0.0,0.0,0.0,0.0,0.0,0.0,1.0,0.0,0.0,0.0,0.0,0.1,4.0,6.0,4.0,0.0,0.0,0.0,0.0,0.0,0.01,0.01,0.03,0.01,0.03,Matches,Brighton-and-Hove-Albion
Yasin Ayari,se SWE,MF,21,6,4,454.0,5.0,1.0,0.0,1.0,1.0,0.0,0.0,0.0,0.0,0.4,0.4,0.1,0.6,2.0,19.0,8.0,0.2,0.0,0.2,0.2,0.2,0.09,0.03,0.11,0.09,0.11,Matches,Brighton-and-Hove-Albion
Joël Veltman,nl NED,DF,33,4,4,324.0,3.6,0.0,0.0,0.0,0.0,0.0,0.0,2.0,0.0,0.0,0.0,0.0,0.0,5.0,14.0,2.0,0.0,0.0,0.0,0.0,0.0,0.0,0.01,0.01,0.0,0.01,Matches,Brighton-and-Hove-Albion
Georginio Rutter,fr FRA,"FW,MF",23,5,4,322.0,3.6,0.0,1.0,1.0,0.0,0.0,0.0,1.0,0.0,0.1,0.1,1.2,1.4,7.0,11.0,14.0,0.0,0.28,0.28,0.0,0.28,0.04,0.34,0.38,0.04,0.38,Matches,Brighton-and-Hove-Albion
Maxim De Cuyper,be BEL,DF,24,5,4,275.0,3.1,1.0,0.0,1.0,1.0,0.0,0.0,1.0,0.0,0.6,0.6,0.1,0.7,1.0,11.0,9.0,0.33,0.0,0.33,0.33,0.33,0.21,0.02,0.23,0.21,0.23,Matches,Brighton-and-Hove-Albion
Danny Welbeck,eng ENG,FW,34,6,3,278.0,3.1,2.0,0.0,2.0,2.0,0.0,1.0,1.0,0.0,2.5,1.7,0.1,1.7,1.0,1.0,5.0,0.65,0.0,0.65,0.65,0.65,0.79,0.02,0.81,0.54,0.56,Matches,Brighton-and-Hove-Albion
Ferdi Kadioglu,tr TUR,"DF,FW",25,5,2,287.0,3.2,0.0,0.0,0.0,0.0,0.0,0.0,2.0,0.0,0.1,0.1,0.4,0.4,6.0,11.0,11.0,0.0,0.0,0.0,0.0,0.0,0.02,0.12,0.14,0.02,0.14,Matches,Brighton-and-Hove-Albion
Diego Gómez,py PAR,MF,22,5,2,235.0,2.6,0.0,0.0,0.0,0.0,0.0,0.0,2.0,0.0,0.1,0.1,0.4,0.6,1.0,7.0,4.0,0.0,0.0,0.0,0.0,0.0,0.05,0.16,0.21,0.05,0.21,Matches,Brighton-and-Hove-Albion
Mats Wieffer,nl NED,DF,25,4,2,216.0,2.4,0.0,1.0,1.0,0.0,0.0,0.0,2.0,0.0,0.0,0.0,0.6,0.7,2.0,14.0,8.0,0.0,0.42,0.42,0.0,0.42,0.01,0.27,0.27,0.01,0.27,Matches,Brighton-and-Hove-Albion
Matt O'Riley,dk DEN,MF,24,2,2,177.0,2.0,1.0,0.0,1.0,0.0,1.0,1.0,0.0,0.0,1.2,0.4,0.2,0.6,0.0,5.0,11.0,0.51,0.0,0.51,0.0,0.0,0.61,0.1,0.72,0.21,0.32,Matches,Brighton-and-Hove-Albion
Jack Hinshelwood,eng ENG,MF,20,3,2,107.0,1.2,0.0,0.0,0.0,0.0,0.0,0.0,0.0,0.0,0.0,0.0,0.0,0.0,2.0,2.0,1.0,0.0,0.0,0.0,0.0,0.0,0.0,0.0,0.0,0.0,0.0,Matches,Brighton-and-Hove-Albion
Brajan Gruda,de GER,MF,21,6,1,154.0,1.7,1.0,1.0,2.0,1.0,0.0,0.0,0.0,0.0,1.2,1.2,0.4,1.7,5.0,3.0,11.0,0.58,0.58,1.17,0.58,1.17,0.73,0.25,0.98,0.73,0.98,Matches,Brighton-and-Hove-Albion
James Milner,eng ENG,MF,39,4,1,127.0,1.4,1.0,0.0,1.0,0.0,1.0,1.0,1.0,0.0,0.8,0.0,0.0,0.0,2.0,5.0,2.0,0.71,0.0,0.71,0.0,0.0,0.56,0.03,0.59,0.0,0.03,Matches,Brighton-and-Hove-Albion
Stefanos Tzimas,gr GRE,"FW,MF",19,2,0,30.0,0.3,0.0,0.0,0.0,0.0,0.0,0.0,0.0,0.0,0.3,0.3,0.0,0.3,0.0,0.0,1.0,0.0,0.0,0.0,0.0,0.0,0.84,0.09,0.94,0.84,0.94,Matches,Brighton-and-Hove-Albion
Diego Coppola,it ITA,DF,21,2,0,17.0,0.2,0.0,0.0,0.0,0.0,0.0,0.0,0.0,0.0,0.0,0.0,0.0,0.0,0.0,1.0,0.0,0.0,0.0,0.0,0.0,0.0,0.0,0.0,0.0,0.0,0.0,Matches,Brighton-and-Hove-Albion
Olivier Boscagli,fr FRA,DF,27,0,0,,,,,,,,,,,,,,,,,,,,,,,,,,,,Matches,Brighton-and-Hove-Albion
Jason Steele,eng ENG,GK,35,0,0,,,,,,,,,,,,,,,,,,,,,,,,,,,,Matches,Brighton-and-Hove-Albion
Tom Watson,eng ENG,MF,19,0,0,,,,,,,,,,,,,,,,,,,,,,,,,,,,Matches,Brighton-and-Hove-Albion
Squad Total,,,26,6,66,540.0,6.0,9.0,6.0,15.0,7.0,2.0,3.0,18.0,0.0,10.3,8.0,6.7,14.7,93.0,178.0,176.0,1.5,1.0,2.5,1.17,2.17,1.71,1.12,2.83,1.33,2.46,,Brighton-and-Hove-Albion
Opponent Total,,,26,6,66,540.0,6.0,8.0,5.0,13.0,7.0,1.0,1.0,18.0,1.0,8.5,7.7,5.7,13.5,110.0,212.0,212.0,1.33,0.83,2.17,1.17,2.0,1.42,0.95,2.38,1.29,2.24,,Brighton-and-Hove-Albion
Joachim Andersen,dk DEN,DF,29,6,6,540.0,6.0,0.0,0.0,0.0,0.0,0.0,0.0,0.0,0.0,0.4,0.4,0.7,1.1,7.0,28.0,3.0,0.0,0.0,0.0,0.0,0.0,0.07,0.11,0.19,0.07,0.19,Matches,Fulham
Calvin Bassey,ng NGA,DF,25,6,6,540.0,6.0,0.0,0.0,0.0,0.0,0.0,0.0,2.0,0.0,0.2,0.2,0.0,0.2,10.0,18.0,2.0,0.0,0.0,0.0,0.0,0.0,0.03,0.0,0.03,0.03,0.03,Matches,Fulham
Bernd Leno,de GER,GK,33,6,6,540.0,6.0,0.0,0.0,0.0,0.0,0.0,0.0,1.0,0.0,0.0,0.0,0.0,0.0,0.0,0.0,0.0,0.0,0.0,0.0,0.0,0.0,0.0,0.0,0.0,0.0,0.0,Matches,Fulham
Saša Lukić,rs SRB,MF,29,6,6,535.0,5.9,0.0,1.0,1.0,0.0,0.0,0.0,4.0,0.0,1.0,1.0,1.0,2.0,12.0,18.0,18.0,0.0,0.17,0.17,0.0,0.17,0.16,0.18,0.34,0.16,0.34,Matches,Fulham
Sander Berge,no NOR,MF,27,6,6,508.0,5.6,0.0,0.0,0.0,0.0,0.0,0.0,1.0,0.0,0.4,0.4,0.3,0.7,6.0,25.0,4.0,0.0,0.0,0.0,0.0,0.0,0.07,0.05,0.12,0.07,0.12,Matches,Fulham
Alex Iwobi,ng NGA,FW,29,6,6,456.0,5.1,1.0,2.0,3.0,1.0,0.0,0.0,1.0,0.0,0.3,0.3,1.3,1.6,24.0,33.0,27.0,0.2,0.39,0.59,0.2,0.59,0.06,0.25,0.31,0.06,0.31,Matches,Fulham
Joshua King,eng ENG,MF,18,6,6,401.0,4.5,0.0,0.0,0.0,0.0,0.0,0.0,2.0,0.0,0.7,0.7,0.1,0.9,11.0,16.0,25.0,0.0,0.0,0.0,0.0,0.0,0.16,0.03,0.19,0.16,0.19,Matches,Fulham
Kenny Tete,nl NED,DF,29,5,5,450.0,5.0,0.0,0.0,0.0,0.0,0.0,0.0,0.0,0.0,0.1,0.1,0.1,0.2,7.0,24.0,6.0,0.0,0.0,0.0,0.0,0.0,0.01,0.03,0.04,0.01,0.04,Matches,Fulham
Ryan Sessegnon,eng ENG,DF,25,5,5,386.0,4.3,0.0,0.0,0.0,0.0,0.0,0.0,0.0,0.0,0.1,0.1,0.7,0.7,9.0,13.0,23.0,0.0,0.0,0.0,0.0,0.0,0.01,0.16,0.17,0.01,0.17,Matches,Fulham
Harry Wilson,wls WAL,FW,28,6,4,373.0,4.1,1.0,0.0,1.0,1.0,0.0,0.0,1.0,0.0,0.7,0.7,0.1,0.8,5.0,9.0,28.0,0.24,0.0,0.24,0.24,0.24,0.16,0.03,0.19,0.16,0.19,Matches,Fulham
Rodrigo Muniz,br BRA,FW,24,5,4,316.0,3.5,1.0,1.0,2.0,1.0,0.0,0.0,1.0,0.0,0.9,0.9,0.3,1.2,0.0,2.0,7.0,0.28,0.28,0.57,0.28,0.57,0.27,0.08,0.34,0.27,0.34,Matches,Fulham
Timothy Castagne,be BEL,"FW,DF",29,4,3,217.0,2.4,0.0,0.0,0.0,0.0,0.0,0.0,0.0,0.0,0.4,0.4,0.1,0.5,3.0,6.0,18.0,0.0,0.0,0.0,0.0,0.0,0.16,0.04,0.2,0.16,0.2,Matches,Fulham
Raúl Jiménez,mx MEX,FW,34,6,2,144.0,1.6,1.0,0.0,1.0,1.0,0.0,0.0,0.0,0.0,0.5,0.5,0.0,0.5,0.0,3.0,5.0,0.62,0.0,0.62,0.62,0.62,0.28,0.0,0.28,0.28,0.28,Matches,Fulham
Jorge Cuenca,es ESP,DF,25,2,1,88.0,1.0,0.0,0.0,0.0,0.0,0.0,0.0,0.0,0.0,0.0,0.0,0.0,0.0,0.0,2.0,0.0,0.0,0.0,0.0,0.0,0.0,0.0,0.0,0.0,0.0,0.0,Matches,Fulham
Adama Traoré,es ESP,FW,29,4,0,143.0,1.6,0.0,0.0,0.0,0.0,0.0,0.0,0.0,0.0,0.0,0.0,0.5,0.5,6.0,2.0,10.0,0.0,0.0,0.0,0.0,0.0,0.03,0.29,0.32,0.03,0.32,Matches,Fulham
Emile Smith Rowe,eng ENG,MF,25,6,0,126.0,1.4,1.0,0.0,1.0,1.0,0.0,0.0,0.0,0.0,0.8,0.8,0.0,0.8,2.0,7.0,9.0,0.71,0.0,0.71,0.71,0.71,0.56,0.02,0.58,0.56,0.58,Matches,Fulham
Kevin,br BRA,"FW,MF",22,3,0,65.0,0.7,0.0,0.0,0.0,0.0,0.0,0.0,1.0,0.0,0.0,0.0,0.0,0.1,4.0,3.0,11.0,0.0,0.0,0.0,0.0,0.0,0.03,0.06,0.09,0.03,0.09,Matches,Fulham
Antonee Robinson,us USA,DF,28,3,0,64.0,0.7,0.0,0.0,0.0,0.0,0.0,0.0,0.0,0.0,0.0,0.0,0.0,0.0,4.0,5.0,10.0,0.0,0.0,0.0,0.0,0.0,0.0,0.04,0.04,0.0,0.04,Matches,Fulham
Tom Cairney,sct SCO,MF,34,3,0,37.0,0.4,0.0,0.0,0.0,0.0,0.0,0.0,1.0,0.0,0.0,0.0,0.0,0.0,0.0,0.0,1.0,0.0,0.0,0.0,0.0,0.0,0.0,0.0,0.0,0.0,0.0,Matches,Fulham
Samuel Chukwueze,ng NGA,FW,26,1,0,11.0,0.1,0.0,0.0,0.0,0.0,0.0,0.0,0.0,0.0,0.2,0.2,0.0,0.2,2.0,0.0,3.0,0.0,0.0,0.0,0.0,0.0,1.47,0.0,1.47,1.47,1.47,Matches,Fulham
Issa Diop,fr FRA,DF,28,0,0,,,,,,,,,,,,,,,,,,,,,,,,,,,,Matches,Fulham
Benjamin Lecomte,fr FRA,GK,34,0,0,,,,,,,,,,,,,,,,,,,,,,,,,,,,Matches,Fulham
Andreas Pereira,br BRA,MF,29,0,0,,,,,,,,,,,,,,,,,,,,,,,,,,,,Matches,Fulham
Harrison Reed,eng ENG,MF,30,0,0,,,,,,,,,,,,,,,,,,,,,,,,,,,,Matches,Fulham
Squad Total,,,28,6,66,540.0,6.0,5.0,4.0,9.0,5.0,0.0,0.0,15.0,0.0,6.4,6.4,5.2,11.6,112.0,214.0,210.0,0.83,0.67,1.5,0.83,1.5,1.06,0.87,1.93,1.06,1.93,,Fulham
Opponent Total,,,26,6,66,540.0,6.0,7.0,4.0,11.0,5.0,2.0,3.0,10.0,0.0,7.7,5.4,4.2,9.5,93.0,203.0,202.0,1.17,0.67,1.83,0.83,1.5,1.29,0.7,1.98,0.89,1.59,,Fulham
Joe Rodon,wls WAL,DF,27,6,6,540.0,6.0,1.0,0.0,1.0,1.0,0.0,0.0,0.0,0.0,0.3,0.3,0.0,0.3,2.0,19.0,0.0,0.17,0.0,0.17,0.17,0.17,0.05,0.0,0.05,0.05,0.05,Matches,Leeds-United
Anton Stach,de GER,MF,26,6,6,540.0,6.0,1.0,1.0,2.0,1.0,0.0,0.0,1.0,0.0,0.6,0.6,1.0,1.6,11.0,31.0,16.0,0.17,0.17,0.33,0.17,0.33,0.1,0.16,0.26,0.1,0.26,Matches,Leeds-United
Pascal Struijk,nl NED,DF,26,6,6,540.0,6.0,0.0,0.0,0.0,0.0,0.0,0.0,0.0,0.0,0.3,0.3,0.1,0.4,0.0,12.0,1.0,0.0,0.0,0.0,0.0,0.0,0.05,0.01,0.06,0.05,0.06,Matches,Leeds-United
Gabriel Gudmundsson,se SWE,DF,26,6,6,529.0,5.9,0.0,0.0,0.0,0.0,0.0,0.0,1.0,0.0,0.2,0.2,0.3,0.5,15.0,19.0,18.0,0.0,0.0,0.0,0.0,0.0,0.03,0.05,0.08,0.03,0.08,Matches,Leeds-United
Jayden Bogle,eng ENG,DF,25,6,6,524.0,5.8,0.0,0.0,0.0,0.0,0.0,0.0,2.0,0.0,0.2,0.2,0.1,0.3,18.0,13.0,19.0,0.0,0.0,0.0,0.0,0.0,0.03,0.02,0.05,0.03,0.05,Matches,Leeds-United
Sean Longstaff,eng ENG,MF,27,6,4,386.0,4.3,1.0,1.0,2.0,1.0,0.0,0.0,0.0,0.0,0.2,0.2,1.0,1.2,0.0,8.0,8.0,0.23,0.23,0.47,0.23,0.47,0.05,0.23,0.28,0.05,0.28,Matches,Leeds-United
Ethan Ampadu,wls WAL,MF,25,4,4,347.0,3.9,0.0,0.0,0.0,0.0,0.0,0.0,1.0,0.0,0.0,0.0,0.0,0.0,2.0,10.0,5.0,0.0,0.0,0.0,0.0,0.0,0.0,0.0,0.0,0.0,0.0,Matches,Leeds-United
Brenden Aaronson,us USA,FW,24,6,3,331.0,3.7,0.0,0.0,0.0,0.0,0.0,0.0,1.0,0.0,0.7,0.7,0.7,1.3,5.0,10.0,17.0,0.0,0.0,0.0,0.0,0.0,0.18,0.19,0.36,0.18,0.36,Matches,Leeds-United
Karl Darlow,wls WAL,GK,34,3,3,270.0,3.0,0.0,0.0,0.0,0.0,0.0,0.0,0.0,0.0,0.0,0.0,0.0,0.0,0.0,0.0,0.0,0.0,0.0,0.0,0.0,0.0,0.0,0.0,0.0,0.0,0.0,Matches,Leeds-United
Lucas Perri,br BRA,GK,27,3,3,270.0,3.0,0.0,0.0,0.0,0.0,0.0,0.0,0.0,0.0,0.0,0.0,0.0,0.0,0.0,0.0,0.0,0.0,0.0,0.0,0.0,0.0,0.0,0.0,0.0,0.0,0.0,Matches,Leeds-United
Dominic Calvert-Lewin,eng ENG,FW,28,4,3,267.0,3.0,1.0,0.0,1.0,1.0,0.0,0.0,0.0,0.0,1.2,1.2,0.1,1.4,4.0,5.0,10.0,0.34,0.0,0.34,0.34,0.34,0.41,0.05,0.46,0.41,0.46,Matches,Leeds-United
Noah Okafor,ch SUI,FW,25,4,3,228.0,2.5,1.0,0.0,1.0,1.0,0.0,0.0,1.0,0.0,0.4,0.4,0.3,0.7,5.0,9.0,15.0,0.39,0.0,0.39,0.39,0.39,0.15,0.11,0.26,0.15,0.26,Matches,Leeds-United
Daniel James,wls WAL,FW,27,4,3,213.0,2.4,0.0,0.0,0.0,0.0,0.0,0.0,0.0,0.0,0.4,0.4,0.3,0.7,8.0,5.0,17.0,0.0,0.0,0.0,0.0,0.0,0.18,0.12,0.3,0.18,0.3,Matches,Leeds-United
Wilfried Gnonto,it ITA,FW,21,4,3,192.0,2.1,0.0,0.0,0.0,0.0,0.0,0.0,1.0,0.0,0.2,0.2,0.1,0.3,4.0,4.0,14.0,0.0,0.0,0.0,0.0,0.0,0.08,0.04,0.12,0.08,0.12,Matches,Leeds-United
Ilia Gruev,bg BUL,MF,25,4,2,194.0,2.2,0.0,0.0,0.0,0.0,0.0,0.0,0.0,0.0,0.0,0.0,0.0,0.0,0.0,6.0,0.0,0.0,0.0,0.0,0.0,0.0,0.0,0.0,0.0,0.0,0.0,Matches,Leeds-United
Ao Tanaka,jp JPN,MF,27,4,2,158.0,1.8,0.0,0.0,0.0,0.0,0.0,0.0,0.0,0.0,0.1,0.1,0.1,0.2,1.0,6.0,2.0,0.0,0.0,0.0,0.0,0.0,0.05,0.06,0.12,0.05,0.12,Matches,Leeds-United
Joël Piroe,nl NED,FW,26,2,2,134.0,1.5,0.0,0.0,0.0,0.0,0.0,0.0,0.0,0.0,0.3,0.3,0.0,0.3,0.0,1.0,3.0,0.0,0.0,0.0,0.0,0.0,0.22,0.0,0.22,0.22,0.22,Matches,Leeds-United
Lukas Nmecha,de GER,FW,26,6,1,139.0,1.5,1.0,0.0,1.0,0.0,1.0,1.0,0.0,0.0,0.9,0.2,0.0,0.2,1.0,1.0,7.0,0.65,0.0,0.65,0.0,0.0,0.58,0.0,0.58,0.11,0.11,Matches,Leeds-United
Jack Harrison,eng ENG,FW,28,5,0,111.0,1.2,0.0,0.0,0.0,0.0,0.0,0.0,0.0,0.0,0.1,0.1,0.0,0.1,6.0,3.0,7.0,0.0,0.0,0.0,0.0,0.0,0.06,0.0,0.06,0.06,0.06,Matches,Leeds-United
James Justin,eng ENG,DF,27,2,0,19.0,0.2,0.0,0.0,0.0,0.0,0.0,0.0,0.0,0.0,0.0,0.0,0.0,0.0,0.0,0.0,0.0,0.0,0.0,0.0,0.0,0.0,0.0,0.0,0.0,0.0,0.0,Matches,Leeds-United
Sam Byram,eng ENG,DF,32,1,0,8.0,0.1,0.0,0.0,0.0,0.0,0.0,0.0,0.0,0.0,0.0,0.0,0.0,0.0,0.0,0.0,0.0,0.0,0.0,0.0,0.0,0.0,0.0,0.0,0.0,0.0,0.0,Matches,Leeds-United
Jaka Bijol,si SVN,"DF,MF",26,0,0,,,,,,,,,,,,,,,,,,,,,,,,,,,,Matches,Leeds-United
Sebastiaan Bornauw,be BEL,DF,26,0,0,,,,,,,,,,,,,,,,,,,,,,,,,,,,Matches,Leeds-United
Harry Gray,eng ENG,FW,16,0,0,,,,,,,,,,,,,,,,,,,,,,,,,,,,Matches,Leeds-United
Illan Meslier,fr FRA,GK,25,0,0,,,,,,,,,,,,,,,,,,,,,,,,,,,,Matches,Leeds-United
Largie Ramazani,be BEL,"FW,MF",24,0,0,,,,,,,,,,,,,,,,,,,,,,,,,,,,Matches,Leeds-United
Squad Total,,,26,6,66,540.0,6.0,6.0,2.0,8.0,5.0,1.0,1.0,8.0,0.0,5.9,5.2,4.0,9.2,82.0,162.0,159.0,1.0,0.33,1.33,0.83,1.17,0.99,0.66,1.66,0.87,1.54,,Leeds-United
Opponent Total,,,26,6,66,540.0,6.0,8.0,6.0,14.0,7.0,1.0,1.0,7.0,0.0,7.3,6.5,4.7,11.2,110.0,253.0,250.0,1.33,1.0,2.33,1.17,2.17,1.22,0.78,1.99,1.09,1.86,,Leeds-United
Nathan Collins,ie IRL,DF,24,6,6,540.0,6.0,0.0,0.0,0.0,0.0,0.0,0.0,3.0,0.0,0.2,0.2,0.5,0.7,2.0,14.0,0.0,0.0,0.0,0.0,0.0,0.0,0.03,0.09,0.12,0.03,0.12,Matches,Brentford
Sepp van den Berg,nl NED,DF,23,6,6,540.0,6.0,0.0,0.0,0.0,0.0,0.0,0.0,0.0,0.0,0.9,0.9,0.0,0.9,2.0,12.0,5.0,0.0,0.0,0.0,0.0,0.0,0.15,0.0,0.15,0.15,0.15,Matches,Brentford
Caoimhín Kelleher,ie IRL,GK,26,6,6,540.0,6.0,0.0,0.0,0.0,0.0,0.0,0.0,1.0,0.0,0.0,0.0,0.0,0.0,0.0,1.0,0.0,0.0,0.0,0.0,0.0,0.0,0.0,0.0,0.0,0.0,0.0,Matches,Brentford
Yehor Yarmoliuk,ua UKR,MF,21,6,6,528.0,5.9,0.0,1.0,1.0,0.0,0.0,0.0,1.0,0.0,0.2,0.2,0.2,0.4,7.0,17.0,3.0,0.0,0.17,0.17,0.0,0.17,0.04,0.03,0.07,0.04,0.07,Matches,Brentford
Michael Kayode,it ITA,DF,21,6,6,526.0,5.8,0.0,0.0,0.0,0.0,0.0,0.0,0.0,0.0,0.0,0.0,0.4,0.4,9.0,11.0,24.0,0.0,0.0,0.0,0.0,0.0,0.0,0.06,0.06,0.0,0.06,Matches,Brentford
Thiago,br BRA,FW,24,6,6,495.0,5.5,4.0,0.0,4.0,3.0,1.0,1.0,2.0,0.0,2.0,1.3,1.1,2.3,4.0,6.0,13.0,0.73,0.0,0.73,0.55,0.55,0.37,0.2,0.57,0.23,0.42,Matches,Brentford
Kevin Schade,de GER,FW,23,6,5,482.0,5.4,1.0,0.0,1.0,1.0,0.0,1.0,1.0,0.0,1.7,0.9,0.6,1.5,10.0,2.0,17.0,0.19,0.0,0.19,0.19,0.19,0.32,0.11,0.43,0.17,0.28,Matches,Brentford
Jordan Henderson,eng ENG,MF,35,6,5,403.0,4.5,0.0,2.0,2.0,0.0,0.0,0.0,0.0,0.0,0.0,0.0,0.5,0.5,3.0,20.0,2.0,0.0,0.45,0.45,0.0,0.45,0.01,0.1,0.11,0.01,0.11,Matches,Brentford
Keane Lewis-Potter,eng ENG,"DF,FW",24,6,5,399.0,4.4,0.0,0.0,0.0,0.0,0.0,0.0,0.0,0.0,0.1,0.1,0.0,0.2,5.0,5.0,13.0,0.0,0.0,0.0,0.0,0.0,0.03,0.01,0.04,0.03,0.04,Matches,Brentford
Mikkel Damsgaard,dk DEN,MF,25,4,4,346.0,3.8,1.0,0.0,1.0,1.0,0.0,0.0,0.0,0.0,0.2,0.2,0.4,0.7,8.0,18.0,14.0,0.26,0.0,0.26,0.26,0.26,0.06,0.11,0.17,0.06,0.17,Matches,Brentford
Dango Ouattara,bf BFA,FW,23,5,3,291.0,3.2,1.0,0.0,1.0,1.0,0.0,0.0,0.0,0.0,1.4,1.4,0.2,1.6,9.0,1.0,20.0,0.31,0.0,0.31,0.31,0.31,0.43,0.07,0.5,0.43,0.5,Matches,Brentford
Ethan Pinnock,jm JAM,DF,32,2,2,155.0,1.7,0.0,0.0,0.0,0.0,0.0,0.0,1.0,0.0,0.0,0.0,0.0,0.0,0.0,2.0,2.0,0.0,0.0,0.0,0.0,0.0,0.0,0.0,0.0,0.0,0.0,Matches,Brentford
Mathias Jensen,dk DEN,MF,29,4,2,153.0,1.7,1.0,0.0,1.0,1.0,0.0,0.0,0.0,0.0,0.2,0.2,0.2,0.4,2.0,11.0,2.0,0.59,0.0,0.59,0.59,0.59,0.13,0.11,0.24,0.13,0.24,Matches,Brentford
Rico Henry,eng ENG,DF,28,6,1,172.0,1.9,0.0,0.0,0.0,0.0,0.0,0.0,1.0,0.0,0.1,0.1,0.1,0.3,12.0,2.0,11.0,0.0,0.0,0.0,0.0,0.0,0.07,0.07,0.13,0.07,0.13,Matches,Brentford
Aaron Hickey,sct SCO,DF,23,4,1,97.0,1.1,0.0,0.0,0.0,0.0,0.0,0.0,1.0,0.0,0.0,0.0,0.0,0.0,0.0,3.0,4.0,0.0,0.0,0.0,0.0,0.0,0.0,0.0,0.0,0.0,0.0,Matches,Brentford
Fabio Carvalho,pt POR,"FW,MF",23,4,1,96.0,1.1,1.0,0.0,1.0,1.0,0.0,0.0,0.0,0.0,0.7,0.7,0.0,0.7,2.0,2.0,5.0,0.94,0.0,0.94,0.94,0.94,0.66,0.0,0.66,0.66,0.66,Matches,Brentford
Antoni Milambo,nl NED,MF,20,1,1,45.0,0.5,0.0,0.0,0.0,0.0,0.0,0.0,0.0,0.0,0.0,0.0,0.0,0.0,1.0,3.0,1.0,0.0,0.0,0.0,0.0,0.0,0.0,0.0,0.0,0.0,0.0,Matches,Brentford
Frank Onyeka,ng NGA,MF,27,4,0,74.0,0.8,0.0,1.0,1.0,0.0,0.0,0.0,0.0,0.0,0.0,0.0,0.1,0.1,2.0,2.0,1.0,0.0,1.22,1.22,0.0,1.22,0.0,0.15,0.15,0.0,0.15,Matches,Brentford
Kristoffer Ajer,no NOR,DF,27,3,0,31.0,0.3,0.0,1.0,1.0,0.0,0.0,0.0,0.0,0.0,0.1,0.1,0.7,0.8,0.0,6.0,0.0,0.0,2.9,2.9,0.0,2.9,0.27,1.95,2.22,0.27,2.22,Matches,Brentford
Vitaly Janelt,de GER,MF,27,2,0,27.0,0.3,0.0,0.0,0.0,0.0,0.0,0.0,0.0,0.0,0.0,0.0,0.0,0.0,0.0,2.0,0.0,0.0,0.0,0.0,0.0,0.0,0.0,0.04,0.04,0.0,0.04,Matches,Brentford
Benjamin Arthur,eng ENG,DF,19,0,0,,,,,,,,,,,,,,,,,,,,,,,,,,,,Matches,Brentford
Reiss Nelson,eng ENG,"FW,MF",25,0,0,,,,,,,,,,,,,,,,,,,,,,,,,,,,Matches,Brentford
Myles Peart-Harris,eng ENG,MF,23,0,0,,,,,,,,,,,,,,,,,,,,,,,,,,,,Matches,Brentford
Mads Roerslev,dk DEN,"DF,MF",26,0,0,,,,,,,,,,,,,,,,,,,,,,,,,,,,Matches,Brentford
Hákon Valdimarsson,is ISL,GK,23,0,0,,,,,,,,,,,,,,,,,,,,,,,,,,,,Matches,Brentford
Squad Total,,,25,6,66,540.0,6.0,9.0,5.0,14.0,8.0,1.0,2.0,11.0,0.0,7.7,6.2,5.0,11.2,78.0,140.0,137.0,1.5,0.83,2.33,1.33,2.17,1.28,0.83,2.11,1.03,1.86,,Brentford
Opponent Total,,,26,6,66,540.0,6.0,10.0,6.0,16.0,9.0,1.0,2.0,14.0,0.0,8.8,7.3,5.6,12.8,120.0,242.0,238.0,1.67,1.0,2.67,1.5,2.5,1.47,0.93,2.4,1.21,2.14,,Brentford
Altay Bayındır,tr TUR,GK,27,6,6,540.0,6.0,0.0,0.0,0.0,0.0,0.0,0.0,0.0,0.0,0.0,0.0,0.2,0.2,0.0,0.0,0.0,0.0,0.0,0.0,0.0,0.0,0.0,0.04,0.04,0.0,0.04,Matches,Manchester-United
Matthijs de Ligt,nl NED,DF,26,6,6,540.0,6.0,0.0,0.0,0.0,0.0,0.0,0.0,0.0,0.0,0.5,0.5,0.5,1.0,3.0,13.0,6.0,0.0,0.0,0.0,0.0,0.0,0.08,0.09,0.16,0.08,0.16,Matches,Manchester-United
Bruno Fernandes,pt POR,MF,31,6,6,536.0,6.0,2.0,0.0,2.0,1.0,1.0,3.0,2.0,0.0,3.5,1.2,1.3,2.4,10.0,53.0,16.0,0.34,0.0,0.34,0.17,0.17,0.59,0.21,0.81,0.2,0.41,Matches,Manchester-United
Bryan Mbeumo,cm CMR,MF,26,6,6,519.0,5.8,1.0,0.0,1.0,1.0,0.0,0.0,0.0,0.0,1.8,1.8,1.4,3.3,19.0,14.0,56.0,0.17,0.0,0.17,0.17,0.17,0.32,0.25,0.57,0.32,0.57,Matches,Manchester-United
Luke Shaw,eng ENG,DF,30,6,6,515.0,5.7,0.0,0.0,0.0,0.0,0.0,0.0,0.0,0.0,0.1,0.1,0.1,0.2,8.0,29.0,7.0,0.0,0.0,0.0,0.0,0.0,0.01,0.01,0.03,0.01,0.03,Matches,Manchester-United
Patrick Dorgu,dk DEN,DF,20,5,5,444.0,4.9,0.0,1.0,1.0,0.0,0.0,0.0,2.0,0.0,0.2,0.2,0.8,1.0,16.0,7.0,40.0,0.0,0.2,0.2,0.0,0.2,0.05,0.16,0.21,0.05,0.21,Matches,Manchester-United
Leny Yoro,fr FRA,DF,19,6,4,367.0,4.1,0.0,0.0,0.0,0.0,0.0,0.0,0.0,0.0,0.3,0.3,0.0,0.3,5.0,16.0,2.0,0.0,0.0,0.0,0.0,0.0,0.07,0.0,0.07,0.07,0.07,Matches,Manchester-United
Amad Diallo,ci CIV,"DF,MF",23,5,4,357.0,4.0,0.0,0.0,0.0,0.0,0.0,0.0,0.0,0.0,1.3,1.3,0.7,2.0,21.0,16.0,31.0,0.0,0.0,0.0,0.0,0.0,0.32,0.18,0.5,0.32,0.5,Matches,Manchester-United
Matheus Cunha,br BRA,"FW,MF",26,5,4,326.0,3.6,0.0,0.0,0.0,0.0,0.0,0.0,0.0,0.0,0.9,0.9,0.2,1.2,12.0,14.0,17.0,0.0,0.0,0.0,0.0,0.0,0.26,0.07,0.32,0.26,0.32,Matches,Manchester-United
Casemiro,br BRA,MF,33,5,4,242.0,2.7,1.0,0.0,1.0,1.0,0.0,0.0,3.0,1.0,1.0,1.0,0.2,1.2,0.0,15.0,4.0,0.37,0.0,0.37,0.37,0.37,0.36,0.08,0.44,0.36,0.44,Matches,Manchester-United
Benjamin Šeško,si SVN,FW,22,6,3,297.0,3.3,1.0,0.0,1.0,1.0,0.0,0.0,0.0,0.0,1.3,1.3,0.1,1.4,2.0,3.0,16.0,0.3,0.0,0.3,0.3,0.3,0.39,0.03,0.43,0.39,0.43,Matches,Manchester-United
Diogo Dalot,pt POR,DF,26,4,3,273.0,3.0,0.0,1.0,1.0,0.0,0.0,0.0,0.0,0.0,0.0,0.0,0.9,0.9,11.0,8.0,25.0,0.0,0.33,0.33,0.0,0.33,0.0,0.31,0.31,0.0,0.31,Matches,Manchester-United
Mason Mount,eng ENG,MF,26,5,3,208.0,2.3,0.0,0.0,0.0,0.0,0.0,0.0,0.0,0.0,0.2,0.2,0.4,0.6,3.0,14.0,9.0,0.0,0.0,0.0,0.0,0.0,0.08,0.17,0.25,0.08,0.25,Matches,Manchester-United
Manuel Ugarte,uy URU,MF,24,5,2,237.0,2.6,0.0,0.0,0.0,0.0,0.0,0.0,0.0,0.0,0.0,0.0,0.0,0.1,4.0,18.0,3.0,0.0,0.0,0.0,0.0,0.0,0.02,0.01,0.03,0.02,0.03,Matches,Manchester-United
Harry Maguire,eng ENG,DF,32,5,2,178.0,2.0,0.0,1.0,1.0,0.0,0.0,0.0,0.0,0.0,0.2,0.2,0.4,0.6,1.0,8.0,2.0,0.0,0.51,0.51,0.0,0.51,0.12,0.18,0.3,0.12,0.3,Matches,Manchester-United
Noussair Mazraoui,ma MAR,DF,27,3,2,131.0,1.5,0.0,0.0,0.0,0.0,0.0,0.0,0.0,0.0,0.0,0.0,0.0,0.0,6.0,19.0,13.0,0.0,0.0,0.0,0.0,0.0,0.0,0.0,0.0,0.0,0.0,Matches,Manchester-United
Kobbie Mainoo,eng ENG,MF,20,4,0,103.0,1.1,0.0,0.0,0.0,0.0,0.0,0.0,0.0,0.0,0.1,0.1,0.1,0.2,5.0,5.0,3.0,0.0,0.0,0.0,0.0,0.0,0.06,0.12,0.18,0.06,0.18,Matches,Manchester-United
Joshua Zirkzee,nl NED,"FW,MF",24,3,0,77.0,0.9,0.0,0.0,0.0,0.0,0.0,0.0,0.0,0.0,0.8,0.8,0.0,0.8,0.0,3.0,4.0,0.0,0.0,0.0,0.0,0.0,0.9,0.05,0.96,0.9,0.96,Matches,Manchester-United
Ayden Heaven,eng ENG,DF,19,1,0,4.0,0.0,0.0,0.0,0.0,0.0,0.0,0.0,0.0,0.0,0.0,0.0,0.0,0.0,0.0,0.0,0.0,0.0,0.0,0.0,0.0,0.0,0.0,0.0,0.0,0.0,0.0,Matches,Manchester-United
Tyler Fredricson,eng ENG,DF,20,0,0,,,,,,,,,,,,,,,,,,,,,,,,,,,,Matches,Manchester-United
Tom Heaton,eng ENG,GK,39,0,0,,,,,,,,,,,,,,,,,,,,,,,,,,,,Matches,Manchester-United
Senne Lammens,be BEL,GK,23,0,0,,,,,,,,,,,,,,,,,,,,,,,,,,,,Matches,Manchester-United
Diego León,py PAR,DF,18,0,0,,,,,,,,,,,,,,,,,,,,,,,,,,,,Matches,Manchester-United
André Onana,cm CMR,GK,29,0,0,,,,,,,,,,,,,,,,,,,,,,,,,,,,Matches,Manchester-United
Squad Total,,,26,6,66,540.0,6.0,5.0,3.0,8.0,4.0,1.0,3.0,7.0,1.0,11.8,9.4,7.2,16.6,126.0,255.0,254.0,0.83,0.5,1.33,0.67,1.17,1.96,1.2,3.17,1.57,2.77,,Manchester-United
Opponent Total,,,26,6,66,540.0,6.0,11.0,8.0,19.0,11.0,0.0,0.0,17.0,1.0,9.2,9.2,6.8,16.0,85.0,178.0,173.0,1.83,1.33,3.17,1.83,3.17,1.53,1.13,2.67,1.53,2.67,,Manchester-United
Dan Burn,eng ENG,DF,33,6,6,540.0,6.0,0.0,0.0,0.0,0.0,0.0,0.0,2.0,0.0,0.1,0.1,0.0,0.1,1.0,17.0,6.0,0.0,0.0,0.0,0.0,0.0,0.01,0.01,0.02,0.01,0.02,Matches,Newcastle-United
Nick Pope,eng ENG,GK,33,6,6,540.0,6.0,0.0,0.0,0.0,0.0,0.0,0.0,1.0,0.0,0.0,0.0,0.0,0.0,0.0,0.0,0.0,0.0,0.0,0.0,0.0,0.0,0.0,0.0,0.0,0.0,0.0,Matches,Newcastle-United
Valentino Livramento,eng ENG,DF,22,6,6,526.0,5.8,0.0,1.0,1.0,0.0,0.0,0.0,0.0,0.0,0.0,0.0,0.2,0.2,14.0,24.0,38.0,0.0,0.17,0.17,0.0,0.17,0.0,0.03,0.03,0.0,0.03,Matches,Newcastle-United
Sandro Tonali,it ITA,MF,25,6,6,515.0,5.7,0.0,1.0,1.0,0.0,0.0,0.0,0.0,0.0,0.3,0.3,1.1,1.4,14.0,42.0,11.0,0.0,0.17,0.17,0.0,0.17,0.05,0.2,0.25,0.05,0.25,Matches,Newcastle-United
Bruno Guimarães,br BRA,MF,27,5,5,450.0,5.0,1.0,0.0,1.0,1.0,0.0,0.0,2.0,0.0,0.2,0.2,0.2,0.5,3.0,28.0,13.0,0.2,0.0,0.2,0.2,0.2,0.05,0.04,0.09,0.05,0.09,Matches,Newcastle-United
Fabian Schär,ch SUI,DF,33,4,4,350.0,3.9,0.0,0.0,0.0,0.0,0.0,0.0,0.0,0.0,0.1,0.1,0.1,0.2,3.0,13.0,1.0,0.0,0.0,0.0,0.0,0.0,0.02,0.03,0.05,0.02,0.05,Matches,Newcastle-United
Kieran Trippier,eng ENG,DF,35,5,4,339.0,3.8,0.0,0.0,0.0,0.0,0.0,0.0,0.0,0.0,0.0,0.0,0.3,0.3,4.0,32.0,16.0,0.0,0.0,0.0,0.0,0.0,0.0,0.08,0.08,0.0,0.08,Matches,Newcastle-United
Joelinton,br BRA,MF,29,4,4,310.0,3.4,0.0,0.0,0.0,0.0,0.0,0.0,2.0,0.0,0.1,0.1,0.7,0.8,6.0,14.0,9.0,0.0,0.0,0.0,0.0,0.0,0.02,0.21,0.24,0.02,0.24,Matches,Newcastle-United
Jacob Murphy,eng ENG,"FW,MF",30,5,4,290.0,3.2,0.0,1.0,1.0,0.0,0.0,0.0,0.0,0.0,1.2,1.2,0.2,1.3,7.0,8.0,35.0,0.0,0.31,0.31,0.0,0.31,0.36,0.05,0.41,0.36,0.41,Matches,Newcastle-United
Harvey Barnes,eng ENG,"FW,MF",27,6,3,296.0,3.3,0.0,0.0,0.0,0.0,0.0,0.0,0.0,0.0,0.4,0.4,0.7,1.0,14.0,16.0,30.0,0.0,0.0,0.0,0.0,0.0,0.11,0.2,0.32,0.11,0.32,Matches,Newcastle-United
Sven Botman,nl NED,DF,25,4,3,248.0,2.8,0.0,0.0,0.0,0.0,0.0,0.0,0.0,0.0,0.0,0.0,0.0,0.0,0.0,5.0,0.0,0.0,0.0,0.0,0.0,0.0,0.0,0.01,0.01,0.0,0.01,Matches,Newcastle-United
Nick Woltemade,de GER,FW,23,3,3,213.0,2.4,2.0,0.0,2.0,2.0,0.0,0.0,0.0,0.0,0.6,0.6,0.0,0.6,2.0,2.0,11.0,0.85,0.0,0.85,0.85,0.85,0.24,0.01,0.25,0.24,0.25,Matches,Newcastle-United
Anthony Gordon,eng ENG,FW,24,3,3,200.0,2.2,0.0,0.0,0.0,0.0,0.0,0.0,0.0,1.0,1.1,1.1,0.1,1.2,5.0,5.0,6.0,0.0,0.0,0.0,0.0,0.0,0.51,0.05,0.56,0.51,0.56,Matches,Newcastle-United
Anthony Elanga,se SWE,"FW,MF",23,6,2,260.0,2.9,0.0,0.0,0.0,0.0,0.0,0.0,0.0,0.0,0.6,0.6,0.3,0.9,9.0,4.0,26.0,0.0,0.0,0.0,0.0,0.0,0.21,0.1,0.31,0.21,0.31,Matches,Newcastle-United
Malick Thiaw,de GER,DF,24,3,2,183.0,2.0,0.0,0.0,0.0,0.0,0.0,0.0,1.0,0.0,0.1,0.1,0.0,0.1,3.0,6.0,0.0,0.0,0.0,0.0,0.0,0.0,0.03,0.0,0.03,0.03,0.03,Matches,Newcastle-United
Lewis Miley,eng ENG,MF,19,4,1,168.0,1.9,0.0,0.0,0.0,0.0,0.0,0.0,0.0,0.0,0.0,0.0,0.1,0.1,1.0,5.0,5.0,0.0,0.0,0.0,0.0,0.0,0.01,0.04,0.05,0.01,0.05,Matches,Newcastle-United
William Osula,dk DEN,FW,22,6,1,163.0,1.8,1.0,0.0,1.0,1.0,0.0,0.0,0.0,0.0,0.4,0.4,0.1,0.5,1.0,1.0,10.0,0.55,0.0,0.55,0.55,0.55,0.22,0.04,0.27,0.22,0.27,Matches,Newcastle-United
Lewis Hall,eng ENG,DF,21,3,1,135.0,1.5,0.0,0.0,0.0,0.0,0.0,0.0,0.0,0.0,0.0,0.0,0.0,0.0,0.0,9.0,7.0,0.0,0.0,0.0,0.0,0.0,0.02,0.0,0.02,0.02,0.02,Matches,Newcastle-United
Joe Willock,eng ENG,MF,26,2,1,87.0,1.0,0.0,0.0,0.0,0.0,0.0,0.0,0.0,0.0,0.1,0.1,0.0,0.1,3.0,1.0,4.0,0.0,0.0,0.0,0.0,0.0,0.09,0.0,0.09,0.09,0.09,Matches,Newcastle-United
Jacob Ramsey,eng ENG,MF,24,2,1,60.0,0.7,0.0,0.0,0.0,0.0,0.0,0.0,0.0,0.0,0.0,0.0,0.3,0.3,3.0,5.0,4.0,0.0,0.0,0.0,0.0,0.0,0.04,0.42,0.46,0.04,0.46,Matches,Newcastle-United
Jamaal Lascelles,eng ENG,DF,31,2,0,21.0,0.2,0.0,0.0,0.0,0.0,0.0,0.0,0.0,0.0,0.0,0.0,0.0,0.0,0.0,0.0,1.0,0.0,0.0,0.0,0.0,0.0,0.16,0.0,0.16,0.16,0.16,Matches,Newcastle-United
Emil Krafth,se SWE,DF,31,0,0,,,,,,,,,,,,,,,,,,,,,,,,,,,,Matches,Newcastle-United
Aaron Ramsdale,eng ENG,GK,27,0,0,,,,,,,,,,,,,,,,,,,,,,,,,,,,Matches,Newcastle-United
Park Seungsoo,kr KOR,MF,18,0,0,,,,,,,,,,,,,,,,,,,,,,,,,,,,Matches,Newcastle-United
Squad Total,,,27,6,66,540.0,6.0,4.0,3.0,7.0,4.0,0.0,0.0,8.0,1.0,5.2,5.2,4.5,9.7,93.0,237.0,233.0,0.67,0.5,1.17,0.67,1.17,0.87,0.75,1.62,0.87,1.62,,Newcastle-United
Opponent Total,,,26,6,66,540.0,6.0,5.0,5.0,10.0,5.0,0.0,0.0,12.0,1.0,4.5,4.5,3.8,8.3,76.0,217.0,215.0,0.83,0.83,1.67,0.83,1.67,0.75,0.63,1.38,0.75,1.38,,Newcastle-United
Ollie Watkins,eng ENG,FW,29,6,6,532.0,5.9,1.0,0.0,1.0,1.0,0.0,0.0,0.0,0.0,1.4,1.4,0.4,1.8,9.0,6.0,34.0,0.17,0.0,0.17,0.17,0.17,0.23,0.06,0.3,0.23,0.3,Matches,Aston-Villa
Morgan Rogers,eng ENG,"FW,MF",23,6,6,531.0,5.9,0.0,1.0,1.0,0.0,0.0,0.0,0.0,0.0,0.2,0.2,0.9,1.1,10.0,18.0,36.0,0.0,0.17,0.17,0.0,0.17,0.04,0.15,0.19,0.04,0.19,Matches,Aston-Villa
Matty Cash,pl POL,DF,28,6,6,523.0,5.8,1.0,0.0,1.0,1.0,0.0,0.0,2.0,0.0,0.1,0.1,0.4,0.5,10.0,24.0,31.0,0.17,0.0,0.17,0.17,0.17,0.01,0.07,0.08,0.01,0.08,Matches,Aston-Villa
Tyrone Mings,eng ENG,DF,32,6,6,481.0,5.3,0.0,0.0,0.0,0.0,0.0,0.0,0.0,0.0,0.3,0.3,0.1,0.4,1.0,27.0,3.0,0.0,0.0,0.0,0.0,0.0,0.05,0.02,0.07,0.05,0.07,Matches,Aston-Villa
John McGinn,sct SCO,"MF,FW",30,6,6,480.0,5.3,1.0,0.0,1.0,1.0,0.0,0.0,1.0,0.0,0.6,0.6,0.7,1.3,9.0,24.0,15.0,0.19,0.0,0.19,0.19,0.19,0.1,0.14,0.24,0.1,0.24,Matches,Aston-Villa
Ezri Konsa,eng ENG,DF,27,5,5,425.0,4.7,0.0,0.0,0.0,0.0,0.0,0.0,0.0,1.0,0.0,0.0,0.0,0.0,4.0,18.0,1.0,0.0,0.0,0.0,0.0,0.0,0.0,0.01,0.01,0.0,0.01,Matches,Aston-Villa
Lucas Digne,fr FRA,DF,32,6,5,398.0,4.4,0.0,1.0,1.0,0.0,0.0,0.0,1.0,0.0,0.1,0.1,0.3,0.4,5.0,10.0,33.0,0.0,0.23,0.23,0.0,0.23,0.03,0.06,0.09,0.03,0.09,Matches,Aston-Villa
Emiliano Martínez,ar ARG,GK,33,4,4,360.0,4.0,0.0,0.0,0.0,0.0,0.0,0.0,0.0,0.0,0.0,0.0,0.0,0.0,0.0,0.0,0.0,0.0,0.0,0.0,0.0,0.0,0.0,0.0,0.0,0.0,0.0,Matches,Aston-Villa
Youri Tielemans,be BEL,MF,28,4,4,315.0,3.5,0.0,0.0,0.0,0.0,0.0,0.0,0.0,0.0,0.1,0.1,0.2,0.3,8.0,21.0,10.0,0.0,0.0,0.0,0.0,0.0,0.04,0.05,0.09,0.04,0.09,Matches,Aston-Villa
Evann Guessand,ci CIV,FW,24,5,3,259.0,2.9,0.0,0.0,0.0,0.0,0.0,0.0,0.0,0.0,0.3,0.3,0.0,0.3,8.0,7.0,20.0,0.0,0.0,0.0,0.0,0.0,0.11,0.0,0.11,0.11,0.11,Matches,Aston-Villa
Boubacar Kamara,fr FRA,"MF,DF",25,4,3,205.0,2.3,0.0,1.0,1.0,0.0,0.0,0.0,1.0,0.0,0.1,0.1,0.1,0.1,2.0,23.0,0.0,0.0,0.44,0.44,0.0,0.44,0.02,0.03,0.05,0.02,0.05,Matches,Aston-Villa
Emi Buendía,ar ARG,"MF,FW",28,5,2,276.0,3.1,1.0,1.0,2.0,1.0,0.0,0.0,1.0,0.0,0.7,0.7,0.4,1.1,10.0,19.0,13.0,0.33,0.33,0.65,0.33,0.65,0.22,0.13,0.35,0.22,0.35,Matches,Aston-Villa
Lamare Bogarde,nl NED,MF,21,5,2,192.0,2.1,0.0,0.0,0.0,0.0,0.0,0.0,1.0,0.0,0.0,0.0,0.0,0.0,2.0,4.0,2.0,0.0,0.0,0.0,0.0,0.0,0.0,0.01,0.01,0.0,0.01,Matches,Aston-Villa
Marco Bizot,nl NED,GK,34,2,2,180.0,2.0,0.0,0.0,0.0,0.0,0.0,0.0,1.0,0.0,0.0,0.0,0.0,0.0,0.0,1.0,0.0,0.0,0.0,0.0,0.0,0.0,0.0,0.0,0.0,0.0,0.0,Matches,Aston-Villa
Amadou Onana,be BEL,MF,24,2,2,153.0,1.7,0.0,0.0,0.0,0.0,0.0,0.0,1.0,0.0,0.2,0.2,0.0,0.2,2.0,8.0,1.0,0.0,0.0,0.0,0.0,0.0,0.13,0.0,0.13,0.13,0.13,Matches,Aston-Villa
Pau Torres,es ESP,DF,28,3,1,166.0,1.8,0.0,0.0,0.0,0.0,0.0,0.0,0.0,0.0,0.1,0.1,0.0,0.1,5.0,13.0,1.0,0.0,0.0,0.0,0.0,0.0,0.04,0.0,0.04,0.04,0.04,Matches,Aston-Villa
Donyell Malen,nl NED,"FW,MF",26,6,1,151.0,1.7,0.0,0.0,0.0,0.0,0.0,0.0,0.0,0.0,0.4,0.4,0.1,0.5,2.0,3.0,12.0,0.0,0.0,0.0,0.0,0.0,0.23,0.06,0.29,0.23,0.29,Matches,Aston-Villa
Ian Maatsen,nl NED,DF,23,3,1,147.0,1.6,0.0,0.0,0.0,0.0,0.0,0.0,1.0,0.0,0.1,0.1,0.2,0.3,6.0,14.0,13.0,0.0,0.0,0.0,0.0,0.0,0.09,0.11,0.2,0.09,0.2,Matches,Aston-Villa
Harvey Elliott,eng ENG,"MF,FW",22,3,1,98.0,1.1,0.0,0.0,0.0,0.0,0.0,0.0,0.0,0.0,0.2,0.2,0.0,0.2,3.0,5.0,11.0,0.0,0.0,0.0,0.0,0.0,0.17,0.0,0.17,0.17,0.17,Matches,Aston-Villa
Victor Lindelöf,se SWE,MF,31,2,0,17.0,0.2,0.0,0.0,0.0,0.0,0.0,0.0,0.0,0.0,0.0,0.0,0.0,0.0,0.0,2.0,0.0,0.0,0.0,0.0,0.0,0.0,0.0,0.0,0.0,0.0,0.0,Matches,Aston-Villa
Bradley Paul Burrowes,eng ENG,DF,17,1,0,17.0,0.2,0.0,0.0,0.0,0.0,0.0,0.0,0.0,0.0,0.0,0.0,0.0,0.0,1.0,0.0,4.0,0.0,0.0,0.0,0.0,0.0,0.0,0.0,0.0,0.0,0.0,Matches,Aston-Villa
Jadon Sancho,eng ENG,FW,25,1,0,9.0,0.1,0.0,0.0,0.0,0.0,0.0,0.0,0.0,0.0,0.0,0.0,0.0,0.0,1.0,3.0,6.0,0.0,0.0,0.0,0.0,0.0,0.21,0.0,0.21,0.21,0.21,Matches,Aston-Villa
Samuel Iling-Junior,eng ENG,DF,21,0,0,,,,,,,,,,,,,,,,,,,,,,,,,,,,Matches,Aston-Villa
Jamaldeen Jimoh,eng ENG,MF,19,0,0,,,,,,,,,,,,,,,,,,,,,,,,,,,,Matches,Aston-Villa
Travis Patterson,eng ENG,DF,19,0,0,,,,,,,,,,,,,,,,,,,,,,,,,,,,Matches,Aston-Villa
Sam Proctor,eng ENG,GK,18,0,0,,,,,,,,,,,,,,,,,,,,,,,,,,,,Matches,Aston-Villa
Triston Rowe,eng ENG,DF,19,0,0,,,,,,,,,,,,,,,,,,,,,,,,,,,,Matches,Aston-Villa
James Wright,eng ENG,GK,20,0,0,,,,,,,,,,,,,,,,,,,,,,,,,,,,Matches,Aston-Villa
Squad Total,,,28,6,66,540.0,6.0,4.0,4.0,8.0,4.0,0.0,0.0,10.0,1.0,4.8,4.8,3.7,8.6,98.0,250.0,246.0,0.67,0.67,1.33,0.67,1.33,0.8,0.62,1.43,0.8,1.43,,Aston-Villa
Opponent Total,,,27,6,66,540.0,6.0,6.0,3.0,9.0,5.0,1.0,1.0,14.0,1.0,9.3,8.6,7.1,15.6,97.0,173.0,172.0,1.0,0.5,1.5,0.83,1.33,1.56,1.18,2.73,1.43,2.6,,Aston-Villa
Elliot Anderson,eng ENG,MF,22,6,6,540.0,6.0,0.0,1.0,1.0,0.0,0.0,0.0,1.0,0.0,0.6,0.6,1.3,1.9,11.0,58.0,20.0,0.0,0.17,0.17,0.0,0.17,0.1,0.21,0.31,0.1,0.31,Matches,Nottingham-Forest
Nikola Milenković,rs SRB,DF,27,6,6,540.0,6.0,0.0,0.0,0.0,0.0,0.0,0.0,1.0,0.0,0.1,0.1,0.3,0.4,4.0,18.0,0.0,0.0,0.0,0.0,0.0,0.0,0.01,0.05,0.06,0.01,0.06,Matches,Nottingham-Forest
Matz Sels,be BEL,GK,33,6,6,540.0,6.0,0.0,0.0,0.0,0.0,0.0,0.0,1.0,0.0,0.0,0.0,0.0,0.0,0.0,0.0,0.0,0.0,0.0,0.0,0.0,0.0,0.0,0.0,0.0,0.0,0.0,Matches,Nottingham-Forest
Neco Williams,wls WAL,DF,24,6,6,540.0,6.0,1.0,0.0,1.0,1.0,0.0,0.0,3.0,0.0,0.2,0.2,0.5,0.6,13.0,35.0,38.0,0.17,0.0,0.17,0.17,0.17,0.03,0.08,0.11,0.03,0.11,Matches,Nottingham-Forest
Chris Wood,nz NZL,FW,33,6,6,460.0,5.1,2.0,0.0,2.0,2.0,0.0,0.0,0.0,0.0,2.7,2.7,0.2,2.9,0.0,6.0,15.0,0.39,0.0,0.39,0.39,0.39,0.53,0.03,0.56,0.53,0.56,Matches,Nottingham-Forest
Dan Ndoye,ch SUI,FW,24,6,6,429.0,4.8,1.0,1.0,2.0,1.0,0.0,0.0,0.0,0.0,0.2,0.2,0.5,0.7,28.0,8.0,51.0,0.21,0.21,0.42,0.21,0.42,0.03,0.11,0.14,0.03,0.14,Matches,Nottingham-Forest
Morgan Gibbs-White,eng ENG,MF,25,6,5,461.0,5.1,0.0,1.0,1.0,0.0,0.0,0.0,0.0,0.0,0.9,0.9,0.4,1.2,17.0,41.0,47.0,0.0,0.2,0.2,0.0,0.2,0.17,0.07,0.24,0.17,0.24,Matches,Nottingham-Forest
Callum Hudson-Odoi,eng ENG,FW,24,6,4,371.0,4.1,1.0,0.0,1.0,1.0,0.0,0.0,0.0,0.0,0.4,0.4,0.7,1.1,21.0,16.0,54.0,0.24,0.0,0.24,0.24,0.24,0.09,0.16,0.26,0.09,0.26,Matches,Nottingham-Forest
Ibrahim Sangaré,ci CIV,MF,27,5,4,352.0,3.9,0.0,0.0,0.0,0.0,0.0,0.0,0.0,0.0,0.0,0.0,0.0,0.0,3.0,22.0,1.0,0.0,0.0,0.0,0.0,0.0,0.01,0.0,0.01,0.01,0.01,Matches,Nottingham-Forest
Murillo,br BRA,DF,23,4,4,306.0,3.4,0.0,0.0,0.0,0.0,0.0,0.0,1.0,0.0,0.0,0.0,0.0,0.0,2.0,26.0,0.0,0.0,0.0,0.0,0.0,0.0,0.0,0.0,0.0,0.0,0.0,Matches,Nottingham-Forest
Ola Aina,ng NGA,DF,28,3,3,270.0,3.0,0.0,0.0,0.0,0.0,0.0,0.0,1.0,0.0,0.0,0.0,0.1,0.2,5.0,11.0,8.0,0.0,0.0,0.0,0.0,0.0,0.01,0.05,0.06,0.01,0.06,Matches,Nottingham-Forest
Morato,br BRA,DF,24,3,3,270.0,3.0,0.0,0.0,0.0,0.0,0.0,0.0,1.0,0.0,0.0,0.0,0.0,0.0,1.0,12.0,0.0,0.0,0.0,0.0,0.0,0.0,0.01,0.0,0.01,0.01,0.01,Matches,Nottingham-Forest
Oleksandr Zinchenko,ua UKR,DF,28,2,2,180.0,2.0,0.0,0.0,0.0,0.0,0.0,0.0,0.0,0.0,0.0,0.0,0.0,0.1,4.0,18.0,6.0,0.0,0.0,0.0,0.0,0.0,0.02,0.02,0.04,0.02,0.04,Matches,Nottingham-Forest
Dilane Bakwa,fr FRA,FW,23,3,2,160.0,1.8,0.0,0.0,0.0,0.0,0.0,0.0,0.0,0.0,0.1,0.1,0.3,0.5,4.0,7.0,18.0,0.0,0.0,0.0,0.0,0.0,0.08,0.18,0.26,0.08,0.26,Matches,Nottingham-Forest
James Mcatee,eng ENG,"MF,FW",22,4,1,129.0,1.4,0.0,0.0,0.0,0.0,0.0,0.0,0.0,0.0,0.0,0.0,0.4,0.4,4.0,9.0,8.0,0.0,0.0,0.0,0.0,0.0,0.01,0.25,0.26,0.01,0.26,Matches,Nottingham-Forest
Douglas Luiz,br BRA,MF,27,1,1,75.0,0.8,0.0,0.0,0.0,0.0,0.0,0.0,0.0,0.0,0.0,0.0,0.0,0.0,3.0,1.0,4.0,0.0,0.0,0.0,0.0,0.0,0.02,0.02,0.04,0.02,0.04,Matches,Nottingham-Forest
Nicolás Domínguez,ar ARG,MF,27,1,1,45.0,0.5,0.0,0.0,0.0,0.0,0.0,0.0,1.0,0.0,0.0,0.0,0.0,0.0,0.0,5.0,0.0,0.0,0.0,0.0,0.0,0.0,0.0,0.0,0.0,0.0,0.0,Matches,Nottingham-Forest
Igor Jesus,br BRA,"FW,MF",24,5,0,79.0,0.9,0.0,0.0,0.0,0.0,0.0,0.0,0.0,0.0,0.3,0.3,0.0,0.3,0.0,1.0,4.0,0.0,0.0,0.0,0.0,0.0,0.34,0.05,0.39,0.34,0.39,Matches,Nottingham-Forest
Arnaud Kalimuendo,fr FRA,FW,23,5,0,69.0,0.8,0.0,0.0,0.0,0.0,0.0,0.0,0.0,0.0,0.4,0.4,0.0,0.4,4.0,2.0,12.0,0.0,0.0,0.0,0.0,0.0,0.46,0.02,0.47,0.46,0.47,Matches,Nottingham-Forest
Nicolò Savona,it ITA,DF,22,1,0,54.0,0.6,0.0,0.0,0.0,0.0,0.0,0.0,0.0,0.0,0.0,0.0,0.0,0.0,0.0,0.0,2.0,0.0,0.0,0.0,0.0,0.0,0.0,0.03,0.03,0.0,0.03,Matches,Nottingham-Forest
Omari Hutchinson,eng ENG,"FW,MF",21,3,0,30.0,0.3,0.0,0.0,0.0,0.0,0.0,0.0,0.0,0.0,0.4,0.4,0.6,1.0,4.0,2.0,8.0,0.0,0.0,0.0,0.0,0.0,1.25,1.8,3.06,1.25,3.06,Matches,Nottingham-Forest
Ryan Yates,eng ENG,MF,27,3,0,28.0,0.3,0.0,0.0,0.0,0.0,0.0,0.0,0.0,0.0,0.0,0.0,0.0,0.0,0.0,2.0,0.0,0.0,0.0,0.0,0.0,0.0,0.0,0.0,0.0,0.0,0.0,Matches,Nottingham-Forest
Jota Silva,pt POR,FW,26,1,0,12.0,0.1,0.0,0.0,0.0,0.0,0.0,0.0,0.0,0.0,0.0,0.0,0.0,0.0,0.0,0.0,1.0,0.0,0.0,0.0,0.0,0.0,0.0,0.0,0.0,0.0,0.0,Matches,Nottingham-Forest
Zach Abbott,eng ENG,DF,19,0,0,,,,,,,,,,,,,,,,,,,,,,,,,,,,Matches,Nottingham-Forest
Taiwo Awoniyi,ng NGA,FW,28,0,0,,,,,,,,,,,,,,,,,,,,,,,,,,,,Matches,Nottingham-Forest
Willy Boly,ci CIV,DF,34,0,0,,,,,,,,,,,,,,,,,,,,,,,,,,,,Matches,Nottingham-Forest
Jair Cunha,br BRA,DF,20,0,0,,,,,,,,,,,,,,,,,,,,,,,,,,,,Matches,Nottingham-Forest
Angus Gunn,sct SCO,GK,29,0,0,,,,,,,,,,,,,,,,,,,,,,,,,,,,Matches,Nottingham-Forest
John,br BRA,GK,29,0,0,,,,,,,,,,,,,,,,,,,,,,,,,,,,Matches,Nottingham-Forest
Squad Total,,,26,6,66,540.0,6.0,5.0,3.0,8.0,5.0,0.0,0.0,10.0,0.0,6.3,6.3,5.3,11.6,128.0,300.0,297.0,0.83,0.5,1.33,0.83,1.33,1.05,0.88,1.93,1.05,1.93,,Nottingham-Forest
Opponent Total,,,26,6,66,540.0,6.0,10.0,7.0,17.0,8.0,2.0,2.0,9.0,0.0,9.3,7.7,6.6,14.4,103.0,185.0,180.0,1.67,1.17,2.83,1.33,2.5,1.54,1.11,2.65,1.29,2.4,,Nottingham-Forest
Martin Dúbravka,sk SVK,GK,36,6,6,540.0,6.0,0.0,0.0,0.0,0.0,0.0,0.0,0.0,0.0,0.0,0.0,0.0,0.0,0.0,0.0,0.0,0.0,0.0,0.0,0.0,0.0,0.0,0.0,0.0,0.0,0.0,Matches,Burnley
Kyle Walker,eng ENG,DF,35,6,6,540.0,6.0,0.0,0.0,0.0,0.0,0.0,0.0,2.0,0.0,0.0,0.0,0.0,0.0,6.0,14.0,7.0,0.0,0.0,0.0,0.0,0.0,0.01,0.0,0.01,0.01,0.01,Matches,Burnley
Quilindschy Hartman,nl NED,DF,23,6,6,537.0,6.0,0.0,1.0,1.0,0.0,0.0,0.0,1.0,0.0,0.1,0.1,0.3,0.5,1.0,14.0,16.0,0.0,0.17,0.17,0.0,0.17,0.02,0.06,0.08,0.02,0.08,Matches,Burnley
Hjalmar Ekdal,se SWE,DF,26,6,6,532.0,5.9,0.0,0.0,0.0,0.0,0.0,0.0,0.0,0.0,0.2,0.2,0.1,0.3,1.0,6.0,0.0,0.0,0.0,0.0,0.0,0.0,0.03,0.02,0.06,0.03,0.06,Matches,Burnley
Maxime Estève,fr FRA,DF,23,6,6,532.0,5.9,0.0,0.0,0.0,0.0,0.0,0.0,0.0,0.0,0.2,0.2,0.0,0.3,1.0,12.0,0.0,0.0,0.0,0.0,0.0,0.0,0.04,0.01,0.04,0.04,0.04,Matches,Burnley
Jaidon Anthony,eng ENG,"MF,FW",25,6,6,529.0,5.9,4.0,1.0,5.0,4.0,0.0,0.0,2.0,0.0,2.1,2.1,0.3,2.4,14.0,11.0,29.0,0.68,0.17,0.85,0.68,0.85,0.35,0.06,0.41,0.35,0.41,Matches,Burnley
Josh Cullen,ie IRL,MF,29,6,6,500.0,5.6,1.0,1.0,2.0,1.0,0.0,0.0,0.0,0.0,0.1,0.1,0.8,0.9,2.0,31.0,2.0,0.18,0.18,0.36,0.18,0.36,0.01,0.14,0.15,0.01,0.15,Matches,Burnley
Lyle Foster,za RSA,FW,25,6,6,497.0,5.5,1.0,1.0,2.0,1.0,0.0,0.0,1.0,0.0,0.9,0.9,0.6,1.6,6.0,5.0,30.0,0.18,0.18,0.36,0.18,0.36,0.17,0.12,0.29,0.17,0.29,Matches,Burnley
Josh Laurent,eng ENG,"DF,MF",30,6,4,369.0,4.1,0.0,0.0,0.0,0.0,0.0,0.0,1.0,0.0,0.2,0.2,0.2,0.3,2.0,7.0,9.0,0.0,0.0,0.0,0.0,0.0,0.04,0.04,0.08,0.04,0.08,Matches,Burnley
Lesley Ugochukwu,fr FRA,MF,21,5,3,266.0,3.0,0.0,0.0,0.0,0.0,0.0,0.0,2.0,1.0,0.1,0.1,0.0,0.1,0.0,6.0,4.0,0.0,0.0,0.0,0.0,0.0,0.02,0.01,0.03,0.02,0.03,Matches,Burnley
Loum Tchaouna,fr FRA,MF,22,6,3,254.0,2.8,0.0,0.0,0.0,0.0,0.0,0.0,1.0,0.0,0.3,0.3,0.1,0.4,4.0,7.0,10.0,0.0,0.0,0.0,0.0,0.0,0.11,0.04,0.15,0.11,0.15,Matches,Burnley
Hannibal Mejbri,tn TUN,MF,22,6,3,249.0,2.8,0.0,0.0,0.0,0.0,0.0,0.0,0.0,0.0,0.2,0.2,0.4,0.5,6.0,5.0,8.0,0.0,0.0,0.0,0.0,0.0,0.06,0.13,0.19,0.06,0.19,Matches,Burnley
Florentino Luís,pt POR,MF,26,3,2,208.0,2.3,0.0,0.0,0.0,0.0,0.0,0.0,1.0,0.0,0.0,0.0,0.0,0.0,1.0,12.0,0.0,0.0,0.0,0.0,0.0,0.0,0.0,0.02,0.02,0.0,0.02,Matches,Burnley
Jacob Bruun Larsen,dk DEN,"FW,MF",27,4,2,206.0,2.3,0.0,1.0,1.0,0.0,0.0,0.0,0.0,0.0,0.1,0.1,0.6,0.7,1.0,4.0,14.0,0.0,0.44,0.44,0.0,0.44,0.03,0.27,0.29,0.03,0.29,Matches,Burnley
Oliver Sonne,pe PER,"DF,FW",24,3,1,104.0,1.2,0.0,0.0,0.0,0.0,0.0,0.0,0.0,0.0,0.0,0.0,0.0,0.1,0.0,4.0,3.0,0.0,0.0,0.0,0.0,0.0,0.03,0.03,0.06,0.03,0.06,Matches,Burnley
Zian Flemming,nl NED,FW,27,3,0,27.0,0.3,0.0,0.0,0.0,0.0,0.0,0.0,0.0,0.0,0.2,0.2,0.1,0.2,1.0,0.0,2.0,0.0,0.0,0.0,0.0,0.0,0.56,0.26,0.83,0.56,0.83,Matches,Burnley
Joe Worrall,eng ENG,DF,28,3,0,21.0,0.2,0.0,0.0,0.0,0.0,0.0,0.0,0.0,0.0,0.0,0.0,0.0,0.0,0.0,0.0,0.0,0.0,0.0,0.0,0.0,0.0,0.0,0.0,0.0,0.0,0.0,Matches,Burnley
Armando Broja,al ALB,FW,24,2,0,13.0,0.1,0.0,0.0,0.0,0.0,0.0,0.0,0.0,0.0,0.0,0.0,0.0,0.0,0.0,0.0,1.0,0.0,0.0,0.0,0.0,0.0,0.0,0.0,0.0,0.0,0.0,Matches,Burnley
Marcus Edwards,eng ENG,FW,26,1,0,6.0,0.1,0.0,0.0,0.0,0.0,0.0,0.0,0.0,0.0,0.0,0.0,0.0,0.0,0.0,0.0,0.0,0.0,0.0,0.0,0.0,0.0,0.0,0.0,0.0,0.0,0.0,Matches,Burnley
Bashir Humphreys,eng ENG,DF,22,1,0,3.0,0.0,0.0,0.0,0.0,0.0,0.0,0.0,0.0,0.0,0.0,0.0,0.0,0.0,0.0,0.0,0.0,0.0,0.0,0.0,0.0,0.0,0.0,0.0,0.0,0.0,0.0,Matches,Burnley
Ashley Barnes,eng ENG,"FW,MF",35,0,0,,,,,,,,,,,,,,,,,,,,,,,,,,,,Matches,Burnley
Lucas,br BRA,DF,24,0,0,,,,,,,,,,,,,,,,,,,,,,,,,,,,Matches,Burnley
Aaron Ramsey,eng ENG,MF,22,0,0,,,,,,,,,,,,,,,,,,,,,,,,,,,,Matches,Burnley
Max Weiß,de GER,GK,21,0,0,,,,,,,,,,,,,,,,,,,,,,,,,,,,Matches,Burnley
Squad Total,,,27,6,66,540.0,6.0,6.0,5.0,11.0,6.0,0.0,0.0,11.0,1.0,4.5,4.5,3.7,8.2,46.0,138.0,135.0,1.0,0.83,1.83,1.0,1.83,0.75,0.61,1.36,0.75,1.36,,Burnley
Opponent Total,,,25,6,66,540.0,6.0,10.0,6.0,16.0,8.0,2.0,2.0,6.0,0.0,12.3,10.7,8.5,19.2,194.0,316.0,314.0,1.67,1.0,2.67,1.33,2.33,2.04,1.41,3.46,1.79,3.21,,Burnley
Jarrod Bowen,eng ENG,"FW,MF",28,6,6,540.0,6.0,3.0,0.0,3.0,3.0,0.0,0.0,0.0,0.0,0.8,0.8,0.9,1.7,21.0,13.0,47.0,0.5,0.0,0.5,0.5,0.5,0.14,0.14,0.28,0.14,0.28,Matches,West-Ham-United
El Hadji Malick Diouf,sn SEN,DF,20,6,6,540.0,6.0,0.0,3.0,3.0,0.0,0.0,0.0,1.0,0.0,0.2,0.2,0.7,0.9,11.0,18.0,30.0,0.0,0.5,0.5,0.0,0.5,0.03,0.12,0.15,0.03,0.15,Matches,West-Ham-United
Max Kilman,eng ENG,DF,28,6,6,540.0,6.0,0.0,0.0,0.0,0.0,0.0,0.0,3.0,0.0,0.4,0.4,0.2,0.6,1.0,15.0,1.0,0.0,0.0,0.0,0.0,0.0,0.07,0.03,0.09,0.07,0.09,Matches,West-Ham-United
Lucas Paquetá,br BRA,"MF,FW",28,6,6,516.0,5.7,2.0,0.0,2.0,1.0,1.0,1.0,1.0,0.0,1.5,0.7,0.4,1.1,3.0,43.0,24.0,0.35,0.0,0.35,0.17,0.17,0.26,0.07,0.33,0.13,0.2,Matches,West-Ham-United
James Ward-Prowse,eng ENG,MF,30,5,5,413.0,4.6,0.0,0.0,0.0,0.0,0.0,0.0,0.0,0.0,0.1,0.1,0.9,1.0,1.0,20.0,8.0,0.0,0.0,0.0,0.0,0.0,0.03,0.2,0.23,0.03,0.23,Matches,West-Ham-United
Kyle Walker-Peters,eng ENG,DF,28,5,4,381.0,4.2,0.0,0.0,0.0,0.0,0.0,0.0,1.0,0.0,0.1,0.1,0.1,0.2,12.0,15.0,16.0,0.0,0.0,0.0,0.0,0.0,0.03,0.02,0.05,0.03,0.05,Matches,West-Ham-United
Mads Hermansen,dk DEN,GK,25,4,4,360.0,4.0,0.0,0.0,0.0,0.0,0.0,0.0,0.0,0.0,0.0,0.0,0.0,0.0,0.0,0.0,0.0,0.0,0.0,0.0,0.0,0.0,0.0,0.0,0.0,0.0,0.0,Matches,West-Ham-United
Konstantinos Mavropanos,gr GRE,DF,27,4,4,360.0,4.0,0.0,0.0,0.0,0.0,0.0,0.0,1.0,0.0,0.4,0.4,0.0,0.4,2.0,17.0,0.0,0.0,0.0,0.0,0.0,0.0,0.1,0.0,0.1,0.1,0.1,Matches,West-Ham-United
Niclas Füllkrug,de GER,FW,32,5,4,319.0,3.5,0.0,0.0,0.0,0.0,0.0,0.0,0.0,0.0,0.5,0.5,0.6,1.1,1.0,5.0,13.0,0.0,0.0,0.0,0.0,0.0,0.15,0.16,0.3,0.15,0.3,Matches,West-Ham-United
Mateus Fernandes,pt POR,"MF,FW",21,4,4,308.0,3.4,0.0,0.0,0.0,0.0,0.0,0.0,0.0,0.0,0.1,0.1,0.5,0.6,5.0,11.0,6.0,0.0,0.0,0.0,0.0,0.0,0.03,0.16,0.19,0.03,0.19,Matches,West-Ham-United
Tomáš Souček,cz CZE,MF,30,4,3,232.0,2.6,0.0,0.0,0.0,0.0,0.0,0.0,0.0,1.0,0.2,0.2,0.0,0.2,1.0,4.0,2.0,0.0,0.0,0.0,0.0,0.0,0.07,0.0,0.07,0.07,0.07,Matches,West-Ham-United
Crysencio Summerville,nl NED,"FW,MF",23,4,3,222.0,2.5,0.0,1.0,1.0,0.0,0.0,0.0,0.0,0.0,0.5,0.5,0.2,0.7,8.0,7.0,20.0,0.0,0.41,0.41,0.0,0.41,0.2,0.06,0.27,0.2,0.27,Matches,West-Ham-United
Nayef Aguerd,ma MAR,DF,29,2,2,180.0,2.0,0.0,0.0,0.0,0.0,0.0,0.0,0.0,0.0,0.1,0.1,0.0,0.1,2.0,9.0,0.0,0.0,0.0,0.0,0.0,0.0,0.05,0.0,0.05,0.05,0.05,Matches,West-Ham-United
Alphonse Areola,fr FRA,GK,32,2,2,180.0,2.0,0.0,0.0,0.0,0.0,0.0,0.0,0.0,0.0,0.0,0.0,0.0,0.0,0.0,0.0,0.0,0.0,0.0,0.0,0.0,0.0,0.0,0.0,0.0,0.0,0.0,Matches,West-Ham-United
Aaron Wan-Bissaka,cd COD,DF,27,2,2,180.0,2.0,0.0,0.0,0.0,0.0,0.0,0.0,0.0,0.0,0.0,0.0,0.1,0.1,5.0,6.0,14.0,0.0,0.0,0.0,0.0,0.0,0.0,0.06,0.06,0.0,0.06,Matches,West-Ham-United
Jean-Clair Todibo,fr FRA,DF,25,2,2,126.0,1.4,0.0,0.0,0.0,0.0,0.0,0.0,0.0,0.0,0.0,0.0,0.0,0.0,2.0,7.0,1.0,0.0,0.0,0.0,0.0,0.0,0.0,0.0,0.0,0.0,0.0,Matches,West-Ham-United
Callum Wilson,eng ENG,FW,33,5,1,173.0,1.9,1.0,0.0,1.0,1.0,0.0,0.0,0.0,0.0,1.1,1.1,0.0,1.1,2.0,1.0,9.0,0.52,0.0,0.52,0.52,0.52,0.57,0.02,0.59,0.57,0.59,Matches,West-Ham-United
Soungoutou Magassa,fr FRA,MF,21,3,1,101.0,1.1,0.0,0.0,0.0,0.0,0.0,0.0,1.0,0.0,0.0,0.0,0.0,0.0,0.0,2.0,2.0,0.0,0.0,0.0,0.0,0.0,0.0,0.0,0.0,0.0,0.0,Matches,West-Ham-United
Guido Rodríguez,ar ARG,MF,31,1,1,70.0,0.8,0.0,0.0,0.0,0.0,0.0,0.0,0.0,0.0,0.0,0.0,0.0,0.0,0.0,4.0,3.0,0.0,0.0,0.0,0.0,0.0,0.03,0.0,0.03,0.03,0.03,Matches,West-Ham-United
Freddie Potts,eng ENG,MF,22,2,0,77.0,0.9,0.0,0.0,0.0,0.0,0.0,0.0,0.0,0.0,0.0,0.0,0.0,0.0,0.0,1.0,1.0,0.0,0.0,0.0,0.0,0.0,0.0,0.0,0.0,0.0,0.0,Matches,West-Ham-United
Luis Guilherme,br BRA,"FW,MF",19,3,0,57.0,0.6,0.0,0.0,0.0,0.0,0.0,0.0,0.0,0.0,0.1,0.1,0.0,0.1,0.0,0.0,3.0,0.0,0.0,0.0,0.0,0.0,0.11,0.0,0.11,0.11,0.11,Matches,West-Ham-United
Andy Irving,sct SCO,MF,25,4,0,27.0,0.3,0.0,0.0,0.0,0.0,0.0,0.0,0.0,0.0,0.0,0.0,0.0,0.0,0.0,4.0,0.0,0.0,0.0,0.0,0.0,0.0,0.0,0.15,0.15,0.0,0.15,Matches,West-Ham-United
Igor,br BRA,DF,27,1,0,1.0,0.0,0.0,0.0,0.0,0.0,0.0,0.0,0.0,0.0,0.0,0.0,0.0,0.0,0.0,0.0,0.0,0.0,0.0,0.0,0.0,0.0,0.0,0.0,0.0,0.0,0.0,Matches,West-Ham-United
Edson Álvarez,mx MEX,"DF,MF",27,0,0,,,,,,,,,,,,,,,,,,,,,,,,,,,,Matches,West-Ham-United
Łukasz Fabiański,pl POL,GK,40,0,0,,,,,,,,,,,,,,,,,,,,,,,,,,,,Matches,West-Ham-United
Callum Marshall,nir NIR,FW,20,0,0,,,,,,,,,,,,,,,,,,,,,,,,,,,,Matches,West-Ham-United
Oliver Scarles,eng ENG,MF,19,0,0,,,,,,,,,,,,,,,,,,,,,,,,,,,,Matches,West-Ham-United
Squad Total,,,27,6,66,540.0,6.0,6.0,4.0,10.0,5.0,1.0,1.0,8.0,1.0,6.1,5.3,4.6,10.0,77.0,202.0,200.0,1.0,0.67,1.67,0.83,1.5,1.02,0.77,1.79,0.89,1.66,,West-Ham-United
Opponent Total,,,26,6,66,540.0,6.0,14.0,10.0,24.0,14.0,0.0,0.0,8.0,0.0,8.3,8.3,6.6,14.9,111.0,239.0,236.0,2.33,1.67,4.0,2.33,4.0,1.38,1.1,2.48,1.38,2.48,,West-Ham-United
João Gomes,br BRA,MF,24,6,6,513.0,5.7,0.0,0.0,0.0,0.0,0.0,0.0,3.0,0.0,0.2,0.2,0.1,0.4,5.0,33.0,6.0,0.0,0.0,0.0,0.0,0.0,0.04,0.03,0.07,0.04,0.07,Matches,Wolverhampton-Wanderers
Emmanuel Agbadou,ci CIV,DF,28,6,5,495.0,5.5,0.0,0.0,0.0,0.0,0.0,0.0,0.0,0.0,0.4,0.4,0.1,0.5,3.0,25.0,4.0,0.0,0.0,0.0,0.0,0.0,0.07,0.02,0.09,0.07,0.09,Matches,Wolverhampton-Wanderers
Toti Gomes,pt POR,DF,26,6,5,390.0,4.3,0.0,0.0,0.0,0.0,0.0,0.0,1.0,1.0,0.0,0.0,0.0,0.1,5.0,10.0,1.0,0.0,0.0,0.0,0.0,0.0,0.01,0.01,0.02,0.01,0.02,Matches,Wolverhampton-Wanderers
Marshall Munetsi,zw ZIM,"FW,MF",29,6,4,430.0,4.8,0.0,1.0,1.0,0.0,0.0,0.0,1.0,0.0,0.5,0.5,0.4,1.0,4.0,8.0,14.0,0.0,0.21,0.21,0.0,0.21,0.11,0.09,0.2,0.11,0.2,Matches,Wolverhampton-Wanderers
José Sá,pt POR,GK,32,4,4,360.0,4.0,0.0,0.0,0.0,0.0,0.0,0.0,0.0,0.0,0.0,0.0,0.1,0.1,0.0,0.0,0.0,0.0,0.0,0.0,0.0,0.0,0.0,0.02,0.02,0.0,0.02,Matches,Wolverhampton-Wanderers
André,br BRA,MF,24,6,4,353.0,3.9,0.0,0.0,0.0,0.0,0.0,0.0,1.0,0.0,0.0,0.0,0.0,0.0,6.0,15.0,3.0,0.0,0.0,0.0,0.0,0.0,0.0,0.0,0.0,0.0,0.0,Matches,Wolverhampton-Wanderers
Hugo Bueno,es ESP,"DF,MF",23,6,3,364.0,4.0,0.0,0.0,0.0,0.0,0.0,0.0,1.0,0.0,0.1,0.1,0.5,0.6,12.0,10.0,27.0,0.0,0.0,0.0,0.0,0.0,0.03,0.12,0.15,0.03,0.15,Matches,Wolverhampton-Wanderers
Jørgen Strand Larsen,no NOR,FW,25,4,3,286.0,3.2,0.0,0.0,0.0,0.0,0.0,0.0,0.0,0.0,0.6,0.6,0.0,0.6,0.0,2.0,12.0,0.0,0.0,0.0,0.0,0.0,0.19,0.0,0.19,0.19,0.19,Matches,Wolverhampton-Wanderers
Ladislav Krejčí,cz CZE,"DF,MF",26,3,3,270.0,3.0,1.0,0.0,1.0,1.0,0.0,0.0,1.0,0.0,0.7,0.7,0.1,0.9,0.0,11.0,3.0,0.33,0.0,0.33,0.33,0.33,0.25,0.05,0.3,0.25,0.3,Matches,Wolverhampton-Wanderers
Jhon Arias,co COL,FW,28,6,3,269.0,3.0,0.0,0.0,0.0,0.0,0.0,0.0,0.0,0.0,0.3,0.3,0.3,0.5,6.0,9.0,11.0,0.0,0.0,0.0,0.0,0.0,0.09,0.09,0.18,0.09,0.18,Matches,Wolverhampton-Wanderers
Jean-Ricner Bellegarde,ht HAI,"MF,FW",27,6,3,241.0,2.7,0.0,0.0,0.0,0.0,0.0,0.0,0.0,0.0,0.2,0.2,0.3,0.5,8.0,17.0,8.0,0.0,0.0,0.0,0.0,0.0,0.07,0.11,0.19,0.07,0.19,Matches,Wolverhampton-Wanderers
Matt Doherty,ie IRL,DF,33,3,3,225.0,2.5,0.0,0.0,0.0,0.0,0.0,0.0,3.0,0.0,0.1,0.1,0.0,0.1,0.0,5.0,0.0,0.0,0.0,0.0,0.0,0.0,0.03,0.0,0.03,0.03,0.03,Matches,Wolverhampton-Wanderers
Hwang Hee-chan,kr KOR,FW,29,5,3,218.0,2.4,1.0,0.0,1.0,1.0,0.0,0.0,0.0,0.0,0.6,0.6,0.0,0.6,2.0,4.0,9.0,0.41,0.0,0.41,0.41,0.41,0.24,0.01,0.25,0.24,0.25,Matches,Wolverhampton-Wanderers
Jackson Tchatchoua,cm CMR,"DF,MF",24,5,2,268.0,3.0,0.0,0.0,0.0,0.0,0.0,0.0,0.0,0.0,0.0,0.0,0.1,0.1,5.0,2.0,27.0,0.0,0.0,0.0,0.0,0.0,0.0,0.04,0.04,0.0,0.04,Matches,Wolverhampton-Wanderers
Santiago Bueno,uy URU,DF,26,3,2,215.0,2.4,1.0,0.0,1.0,1.0,0.0,0.0,0.0,0.0,0.8,0.8,0.0,0.8,0.0,9.0,1.0,0.42,0.0,0.42,0.42,0.42,0.31,0.02,0.33,0.31,0.33,Matches,Wolverhampton-Wanderers
Sam Johnstone,eng ENG,GK,32,2,2,180.0,2.0,0.0,0.0,0.0,0.0,0.0,0.0,0.0,0.0,0.0,0.0,0.0,0.0,0.0,0.0,0.0,0.0,0.0,0.0,0.0,0.0,0.0,0.0,0.0,0.0,0.0,Matches,Wolverhampton-Wanderers
Rodrigo Gomes,pt POR,"DF,MF",22,4,2,166.0,1.8,1.0,0.0,1.0,1.0,0.0,0.0,0.0,0.0,0.7,0.7,0.1,0.7,3.0,2.0,15.0,0.54,0.0,0.54,0.54,0.54,0.36,0.04,0.4,0.36,0.4,Matches,Wolverhampton-Wanderers
Tolu Arokodare,ng NGA,FW,24,3,2,162.0,1.8,0.0,0.0,0.0,0.0,0.0,0.0,0.0,0.0,0.2,0.2,0.1,0.4,1.0,0.0,9.0,0.0,0.0,0.0,0.0,0.0,0.12,0.08,0.2,0.12,0.2,Matches,Wolverhampton-Wanderers
Yerson Mosquera,co COL,DF,24,2,2,136.0,1.5,0.0,0.0,0.0,0.0,0.0,0.0,0.0,0.0,0.1,0.1,0.0,0.1,1.0,0.0,0.0,0.0,0.0,0.0,0.0,0.0,0.04,0.0,0.04,0.04,0.04,Matches,Wolverhampton-Wanderers
David Møller Wolfe,no NOR,MF,23,3,2,131.0,1.5,0.0,1.0,1.0,0.0,0.0,0.0,0.0,0.0,0.0,0.0,0.3,0.3,3.0,2.0,7.0,0.0,0.69,0.69,0.0,0.69,0.0,0.18,0.18,0.0,0.18,Matches,Wolverhampton-Wanderers
Ki-Jana Hoever,nl NED,MF,23,2,2,106.0,1.2,0.0,0.0,0.0,0.0,0.0,0.0,0.0,0.0,0.0,0.0,0.2,0.2,1.0,2.0,9.0,0.0,0.0,0.0,0.0,0.0,0.0,0.21,0.21,0.0,0.21,Matches,Wolverhampton-Wanderers
Fer López,es ESP,"MF,FW",21,4,1,105.0,1.2,0.0,1.0,1.0,0.0,0.0,0.0,1.0,0.0,0.1,0.1,0.7,0.9,4.0,13.0,9.0,0.0,0.86,0.86,0.0,0.86,0.1,0.64,0.74,0.1,0.74,Matches,Wolverhampton-Wanderers
Sasa Kalajdzic,at AUT,FW,28,1,0,15.0,0.2,0.0,0.0,0.0,0.0,0.0,0.0,0.0,0.0,0.0,0.0,0.0,0.0,0.0,0.0,2.0,0.0,0.0,0.0,0.0,0.0,0.0,0.0,0.0,0.0,0.0,Matches,Wolverhampton-Wanderers
Daniel Bentley,eng ENG,GK,32,0,0,,,,,,,,,,,,,,,,,,,,,,,,,,,,Matches,Wolverhampton-Wanderers
Squad Total,,,26,6,66,540.0,6.0,4.0,3.0,7.0,4.0,0.0,0.0,12.0,1.0,5.5,5.5,3.6,9.2,69.0,179.0,177.0,0.67,0.5,1.17,0.67,1.17,0.92,0.61,1.53,0.92,1.53,,Wolverhampton-Wanderers
Opponent Total,,,27,6,66,540.0,6.0,13.0,10.0,23.0,13.0,0.0,0.0,10.0,0.0,8.5,8.5,7.4,15.8,101.0,248.0,247.0,2.17,1.67,3.83,2.17,3.83,1.41,1.23,2.64,1.41,2.64,,Wolverhampton-Wanderers
